player_id,player_name,season_name,start_cost,total_points,minutes,goals_scored,assists,clean_sheets,goals_conceded,bonus,yellow_cards,red_cards
1,David Raya Martín,2023/24,50,135,2880,0,0,16,24,6,2,0
1,David Raya Martín,2024/25,55,142,3420,0,0,13,34,10,3,0
2,Kepa Arrizabalaga Revuelta,2023/24,50,0,0,0,0,0,0,0,0,0
2,Kepa Arrizabalaga Revuelta,2024/25,45,106,2790,0,0,8,39,7,3,0
3,Karl Hein,2023/24,40,0,0,0,0,0,0,0,0,0
3,Karl Hein,2024/25,40,0,0,0,0,0,0,0,0,0
4,Tommy Setford,2024/25,45,0,0,0,0,0,0,0,0,0
5,Gabriel dos Santos Magalhães,2023/24,50,149,3042,3,1,16,26,8,4,0
5,Gabriel dos Santos Magalhães,2024/25,60,117,2363,3,2,10,22,9,4,0
6,William Saliba,2023/24,50,164,3420,2,1,18,29,13,4,0
6,William Saliba,2024/25,60,130,3039,2,0,12,29,14,2,1
7,Riccardo Calafiori,2024/25,60,39,978,2,1,1,12,1,4,0
8,Jurriën Timber,2023/24,50,0,70,0,0,0,0,0,2,0
8,Jurriën Timber,2024/25,55,114,2415,1,3,11,21,9,7,0
9,Jakub Kiwior,2023/24,45,67,942,1,3,6,8,1,1,0
9,Jakub Kiwior,2024/25,50,43,1117,1,0,3,15,2,1,0
10,Myles Lewis-Skelly,2023/24,45,0,0,0,0,0,0,0,0,0
10,Myles Lewis-Skelly,2024/25,45,37,1362,1,0,5,16,0,3,2
11,Benjamin White,2023/24,55,182,2987,4,5,18,26,14,8,0
11,Benjamin White,2024/25,65,50,1195,0,2,5,13,0,2,0
13,Brayden Clarke,2024/25,40,0,0,0,0,0,0,0,0,0
14,Maldini Kacurri,2024/25,40,0,0,0,0,0,0,0,0,0
15,Josh Nichols,2024/25,40,0,0,0,0,0,0,0,0,0
16,Bukayo Saka,2023/24,85,226,2922,16,12,16,27,29,4,0
16,Bukayo Saka,2024/25,100,127,1724,6,11,7,21,18,3,0
17,Martin Ødegaard,2023/24,85,186,3098,8,11,19,23,26,2,0
17,Martin Ødegaard,2024/25,85,116,2321,3,9,11,21,11,4,0
18,Noni Madueke,2023/24,55,76,1044,5,3,4,19,7,2,0
18,Noni Madueke,2024/25,65,120,2028,7,5,6,28,12,3,0
19,Gabriel Martinelli Silva,2023/24,80,118,2010,6,5,10,23,6,1,0
19,Gabriel Martinelli Silva,2024/25,70,125,2284,8,4,10,25,6,1,0
20,Leandro Trossard,2023/24,70,138,1633,12,2,12,10,11,2,0
20,Leandro Trossard,2024/25,70,152,2546,8,8,11,27,18,2,1
21,Declan Rice,2023/24,55,165,3225,7,9,17,28,17,5,0
21,Declan Rice,2024/25,65,127,2823,4,7,11,29,17,5,1
22,Mikel Merino Zazón,2018/19,50,0,0,0,0,0,0,0,0,0
22,Mikel Merino Zazón,2024/25,60,92,1575,7,2,4,17,8,2,1
23,Fábio Ferreira Vieira,2023/24,55,24,290,1,3,1,2,0,0,1
23,Fábio Ferreira Vieira,2024/25,55,0,0,0,0,0,0,0,0,0
24,Christian Nørgaard,2023/24,55,74,2504,2,1,6,51,3,8,0
24,Christian Nørgaard,2024/25,50,107,2820,5,5,6,45,7,8,1
25,Ethan Nwaneri,2023/24,45,1,13,0,0,0,0,0,0,0
25,Ethan Nwaneri,2024/25,45,66,882,4,2,4,4,4,1,0
28,Ismeal Kabia,2024/25,45,0,0,0,0,0,0,0,0,0
29,Albert Sambi Lokonga,2022/23,45,23,728,0,0,2,8,0,2,0
29,Albert Sambi Lokonga,2023/24,50,47,1304,1,3,2,31,4,4,0
30,Kai Havertz,2023/24,75,180,2627,13,10,16,22,15,11,0
30,Kai Havertz,2024/25,80,97,1872,9,3,7,20,14,5,0
31,Gabriel Fernando de Jesus,2023/24,80,85,1470,4,7,11,11,10,6,0
31,Gabriel Fernando de Jesus,2024/25,70,42,600,3,2,2,5,6,4,0
266,Eberechi Eze,2023/24,65,136,2054,11,5,8,28,11,3,0
266,Eberechi Eze,2024/25,70,148,2588,8,8,10,34,15,1,0
666,Viktor Gyökeres,2018/19,45,0,0,0,0,0,0,0,0,0
32,Emiliano Martínez Romero,2023/24,50,115,3015,0,0,8,48,19,4,0
32,Emiliano Martínez Romero,2024/25,50,111,3195,0,0,8,47,6,5,1
34,Joe Gauci,2023/24,40,0,0,0,0,0,0,0,0,0
34,Joe Gauci,2024/25,40,0,0,0,0,0,0,0,0,0
35,Filip Marschall,2023/24,40,0,0,0,0,0,0,0,0,0
35,Filip Marschall,2024/25,40,0,0,0,0,0,0,0,0,0
36,Matty Cash,2023/24,45,64,2138,2,2,3,36,4,8,0
36,Matty Cash,2024/25,45,76,2069,1,1,7,22,2,7,0
37,Lucas Digne,2023/24,45,85,2405,1,4,6,41,5,7,0
37,Lucas Digne,2024/25,45,89,2348,0,5,6,36,7,4,0
38,Ezri Konsa Ngoyo,2023/24,45,91,3069,1,1,7,54,7,5,0
38,Ezri Konsa Ngoyo,2024/25,45,103,2936,2,0,8,45,10,1,0
39,Ian Maatsen,2023/24,55,11,200,0,0,0,5,0,1,0
39,Ian Maatsen,2024/25,50,57,1125,1,2,3,16,0,2,0
40,Tyrone Mings,2023/24,45,0,30,0,0,0,2,0,0,0
40,Tyrone Mings,2024/25,45,47,1119,0,1,4,11,5,1,0
41,Pau Torres,2023/24,45,85,2462,2,0,6,37,4,1,0
41,Pau Torres,2024/25,45,55,2019,0,0,5,33,3,2,0
42,Andrés García,2024/25,45,8,316,0,0,0,5,0,0,0
43,Álex Moreno Lopera,2023/24,50,49,1024,2,0,3,20,5,2,0
43,Álex Moreno Lopera,2024/25,45,34,952,0,1,3,16,1,2,0
44,Lamare Bogarde,2022/23,40,0,0,0,0,0,0,0,0,0
44,Lamare Bogarde,2024/25,40,6,473,0,0,0,11,0,2,0
45,Lino da Cruz Sousa,2022/23,40,0,0,0,0,0,0,0,0,0
45,Lino da Cruz Sousa,2024/25,40,0,0,0,0,0,0,0,0,0
47,Morgan Rogers,2023/24,50,35,636,3,1,2,13,0,3,0
47,Morgan Rogers,2024/25,50,161,3115,8,11,10,40,15,10,0
48,Youri Tielemans,2023/24,60,77,1613,2,6,4,27,2,3,0
48,Youri Tielemans,2024/25,55,121,3025,3,7,7,46,15,4,0
49,Leon Bailey,2023/24,55,148,2063,10,11,5,32,11,5,0
49,Leon Bailey,2024/25,65,47,1132,1,2,2,19,2,3,0
50,Emiliano Buendía Stati,2023/24,60,0,0,0,0,0,0,0,0,0
50,Emiliano Buendía Stati,2024/25,55,11,89,0,0,0,2,0,1,0
51,Samuel Iling-Junior,2024/25,55,0,0,0,0,0,0,0,0,0
53,Donyell Malen,2024/25,55,34,296,3,0,0,6,3,0,0
54,John McGinn,2023/24,55,119,3000,6,5,7,54,9,9,1
54,John McGinn,2024/25,55,78,2217,1,4,8,34,1,7,0
55,Ross Barkley,2023/24,50,101,2616,5,5,2,66,4,6,0
55,Ross Barkley,2024/25,55,44,567,3,1,1,10,5,3,0
56,Enzo Barrenechea,2024/25,50,0,0,0,0,0,0,0,0,0
57,Lewis Dobbin,2023/24,45,18,226,1,0,1,3,0,1,0
57,Lewis Dobbin,2024/25,50,0,0,0,0,0,0,0,0,0
58,Boubacar Kamara,2023/24,50,40,1653,0,1,7,22,1,7,1
58,Boubacar Kamara,2024/25,50,57,1720,1,0,6,22,3,2,0
59,Amadou Onana,2023/24,50,66,2085,2,0,5,38,5,5,0
59,Amadou Onana,2024/25,50,65,1613,3,0,6,23,5,4,0
60,Ben Broggio,2024/25,45,0,0,0,0,0,0,0,0,0
61,Leander Dendoncker,2023/24,50,20,118,1,1,0,3,3,0,0
61,Leander Dendoncker,2024/25,45,0,0,0,0,0,0,0,0,0
62,Jamaldeen Jimoh-Aloba,2024/25,45,0,0,0,0,0,0,0,0,0
63,Kadan Young,2023/24,45,0,0,0,0,0,0,0,0,0
63,Kadan Young,2024/25,45,0,0,0,0,0,0,0,0,0
64,Ollie Watkins,2023/24,80,228,3222,19,18,7,56,29,4,0
64,Ollie Watkins,2024/25,90,186,2593,16,8,10,40,32,2,0
389,Harvey Elliott,2023/24,50,96,1330,3,9,4,13,8,2,0
389,Harvey Elliott,2024/25,55,33,359,1,2,0,6,3,1,0
456,Jadon Sancho,2023/24,70,3,76,0,0,0,1,0,0,0
456,Jadon Sancho,2024/25,65,86,1754,3,5,7,24,3,2,0
688,James Wright,2022/23,40,0,0,0,0,0,0,0,0,0
688,James Wright,2023/24,40,0,0,0,0,0,0,0,0,0
703,Sam Proctor,2023/24,40,0,0,0,0,0,0,0,0,0
710,Travis Patterson,2022/23,45,0,0,0,0,0,0,0,0,0
719,Victor Lindelöf,2023/24,45,62,1328,1,1,5,16,7,2,0
719,Victor Lindelöf,2024/25,45,27,695,0,0,2,9,0,1,0
186,Connor Roberts,2021/22,45,69,1689,1,1,6,23,6,2,0
186,Connor Roberts,2023/24,45,12,817,0,1,0,23,0,3,1
187,Kyle Walker,2023/24,50,123,2766,0,5,10,29,13,2,0
187,Kyle Walker,2024/25,55,13,966,0,0,0,21,0,3,0
188,Hannes Delcroix,2023/24,40,7,584,0,0,0,25,0,2,0
189,Owen Dodgson,2021/22,40,0,0,0,0,0,0,0,0,0
189,Owen Dodgson,2023/24,40,0,0,0,0,0,0,0,0,0
190,Hjalmar Ekdal,2023/24,40,15,436,0,0,1,8,3,2,0
191,Maxime Estève,2023/24,40,15,1310,0,0,0,28,0,6,0
193,Bashir Humphreys,2022/23,45,0,0,0,0,0,0,0,0,0
193,Bashir Humphreys,2023/24,40,0,0,0,0,0,0,0,0,0
194,Jordan Beyer,2023/24,40,30,1234,0,1,2,23,4,6,0
198,Axel Tuanzebe,2021/22,45,14,505,0,0,1,10,0,1,0
198,Axel Tuanzebe,2024/25,40,27,1710,0,1,1,38,0,3,1
199,Joe Worrall,2023/24,45,13,438,0,0,1,9,3,0,1
199,Joe Worrall,2024/25,45,0,0,0,0,0,0,0,0,0
200,Jaidon Anthony,2023/24,50,3,151,0,0,0,5,0,1,0
200,Jaidon Anthony,2024/25,45,0,0,0,0,0,0,0,0,0
201,Manuel Benson Hedilazio,2023/24,55,8,110,0,0,0,5,0,0,0
202,Jacob Bruun Larsen,2023/24,50,82,1235,6,0,3,23,7,1,0
203,Enock Agyei,2023/24,45,0,0,0,0,0,0,0,0,0
204,Darko Churlinov,2023/24,45,0,0,0,0,0,0,0,0,0
205,Josh Cullen,2017/18,45,2,6,0,0,0,0,0,0,0
205,Josh Cullen,2023/24,50,65,2055,2,4,0,48,5,9,0
207,Hannibal Mejbri,2023/24,45,11,131,1,0,1,1,0,1,0
207,Hannibal Mejbri,2024/25,45,0,0,0,0,0,0,0,0,0
208,Luca Koleosho,2023/24,50,40,972,1,2,3,23,0,0,0
211,Aaron Ramsey,2021/22,45,0,0,0,0,0,0,0,0,0
211,Aaron Ramsey,2023/24,50,18,522,0,0,0,17,0,1,0
214,Mike Trésor Ndayishimiye,2023/24,55,20,410,0,0,0,10,0,0,0
216,Zeki Amdouni,2023/24,55,85,1953,5,1,5,41,11,2,0
217,Lyle Foster,2023/24,50,75,1898,5,3,2,43,4,0,1
218,Ashley Barnes,2020/21,60,52,1324,3,0,6,19,7,4,0
218,Ashley Barnes,2021/22,55,32,793,1,0,1,19,2,4,0
219,Michael Obafemi,2021/22,45,0,0,0,0,0,0,0,0,0
219,Michael Obafemi,2023/24,50,2,19,0,0,0,0,0,0,0
470,Martin Dúbravka,2023/24,40,75,1984,0,0,4,42,3,1,0
470,Martin Dúbravka,2024/25,45,44,900,0,0,5,12,2,0,0
676,Lesley Ugochukwu,2023/24,45,13,296,0,0,1,6,0,2,0
676,Lesley Ugochukwu,2024/25,45,47,1652,1,1,1,39,3,7,0
680,Armando Broja,2023/24,50,35,529,1,2,3,9,0,0,0
680,Armando Broja,2024/25,55,12,327,0,0,2,2,0,1,0
66,Norberto Murara Neto,2023/24,45,110,2880,0,0,7,55,14,5,0
66,Norberto Murara Neto,2024/25,45,7,180,0,0,0,2,0,0,0
67,Đorđe Petrović,2023/24,45,71,1986,0,0,5,38,5,2,0
67,Đorđe Petrović,2024/25,45,0,0,0,0,0,0,0,0,0
68,Will Dennis,2022/23,40,0,0,0,0,0,0,0,0,0
68,Will Dennis,2024/25,40,0,0,0,0,0,0,0,0,0
69,Callan McKenna,2023/24,40,0,0,0,0,0,0,0,0,0
69,Callan McKenna,2024/25,40,0,0,0,0,0,0,0,0,0
70,Alex Paulsen,2024/25,40,0,0,0,0,0,0,0,0,0
71,Illia Zabarnyi,2023/24,45,84,3330,1,0,8,67,3,5,0
71,Illia Zabarnyi,2024/25,45,94,3109,0,1,8,42,8,4,1
72,Marcos Senesi Barón,2023/24,45,102,2239,4,5,6,44,13,13,0
72,Marcos Senesi Barón,2024/25,50,31,1103,0,0,2,17,3,5,0
73,Adam Smith,2023/24,45,80,2148,0,3,8,33,4,6,0
73,Adam Smith,2024/25,45,57,1586,0,0,6,18,0,7,0
75,Matai Akinmboni,2024/25,40,0,0,0,0,0,0,0,0,0
76,Owen Bevan,2022/23,40,1,8,0,0,0,1,0,0,0
77,James Hill,2023/24,40,5,74,0,0,0,1,0,0,0
77,James Hill,2024/25,40,17,443,0,1,1,9,0,1,0
78,Julián Araujo Zúñiga,2024/25,45,12,492,0,0,0,10,0,2,0
79,Chris Mepham,2023/24,45,16,613,0,1,1,16,0,2,0
79,Chris Mepham,2024/25,45,0,0,0,0,0,0,0,0,0
80,Julio Soler Barreto,2024/25,40,3,9,0,0,0,1,0,0,0
81,Justin Kluivert,2023/24,50,100,1910,7,1,11,23,2,5,0
81,Justin Kluivert,2024/25,55,158,2339,12,6,13,29,14,8,0
82,Antoine Semenyo,2023/24,45,107,2099,8,4,8,33,14,6,0
82,Antoine Semenyo,2024/25,55,165,3202,11,7,11,41,14,9,0
84,Marcus Tavernier,2023/24,55,89,2118,3,4,8,38,5,3,0
84,Marcus Tavernier,2024/25,55,87,1932,3,7,4,29,4,6,0
85,Tyler Adams,2023/24,50,5,118,0,0,0,3,1,0,0
85,Tyler Adams,2024/25,50,58,1959,0,3,6,30,1,7,0
86,David Brooks,2023/24,50,23,271,1,1,0,7,2,1,0
86,David Brooks,2024/25,50,52,941,2,1,3,12,2,3,0
87,Ryan Christie,2023/24,50,90,2908,0,5,8,56,5,6,0
87,Ryan Christie,2024/25,50,76,2114,2,3,8,28,5,9,0
88,Lewis Cook,2023/24,50,77,2787,0,3,8,51,5,5,1
88,Lewis Cook,2024/25,50,82,2976,1,4,5,44,3,8,1
89,Philip Billing,2023/24,55,60,1385,2,3,2,36,3,3,1
89,Philip Billing,2024/25,50,10,176,0,0,0,4,0,1,0
90,Alex Scott,2023/24,50,41,1003,1,1,3,25,3,3,0
90,Alex Scott,2024/25,50,26,745,0,0,3,8,0,3,0
91,Luis Sinisterra Lucumí,2023/24,55,43,685,2,2,1,18,2,0,0
91,Luis Sinisterra Lucumí,2024/25,50,23,229,1,1,0,4,2,0,0
92,Romain Faivre,2023/24,50,4,37,0,0,0,1,0,1,0
92,Romain Faivre,2024/25,50,0,0,0,0,0,0,0,0,0
93,Hamed Traorè,2023/24,50,3,44,0,0,0,1,0,0,0
93,Hamed Traorè,2024/25,45,0,0,0,0,0,0,0,0,0
94,Dominic Sadi,2023/24,45,1,1,0,0,0,0,0,0,0
94,Dominic Sadi,2024/25,45,0,0,0,0,0,0,0,0,0
95,Zain Silcott-Duberry,2024/25,45,1,1,0,0,0,0,0,0,0
96,Ben Winterburn,2024/25,45,4,22,0,0,0,0,0,0,0
97,Francisco Evanilson de Lima Barbosa,2024/25,60,128,2317,10,5,11,30,20,1,1
98,Enes Ünal,2023/24,50,40,317,2,4,1,9,3,1,0
98,Enes Ünal,2024/25,55,32,330,2,1,2,3,4,2,0
99,Daniel Adu-Adjei,2022/23,45,0,0,0,0,0,0,0,0,0
99,Daniel Adu-Adjei,2024/25,45,0,0,0,0,0,0,0,0,0
391,Ben Gannon-Doak,2023/24,45,1,13,0,0,0,0,0,0,0
391,Ben Gannon-Doak,2024/25,45,0,0,0,0,0,0,0,0,0
687,Remy Rees-Dottin,2024/25,45,1,1,0,0,0,0,0,0,0
27,Reiss Nelson,2023/24,50,16,256,0,0,1,1,0,1,0
27,Reiss Nelson,2024/25,50,27,483,1,1,1,9,2,1,0
83,Dango Ouattara,2023/24,50,56,1214,1,2,5,24,3,3,0
83,Dango Ouattara,2024/25,50,111,1998,7,4,7,23,7,3,0
101,Caoimhín Kelleher,2023/24,40,34,900,0,0,2,11,3,0,0
101,Caoimhín Kelleher,2024/25,45,45,900,0,0,4,12,1,0,0
102,Ellery Balcombe,2022/23,40,0,0,0,0,0,0,0,0,0
102,Ellery Balcombe,2023/24,40,0,0,0,0,0,0,0,0,0
103,Matthew Cox,2022/23,40,0,0,0,0,0,0,0,0,0
103,Matthew Cox,2023/24,40,0,0,0,0,0,0,0,0,0
104,Julian Eyestone,2024/25,40,0,0,0,0,0,0,0,0,0
105,Hákon Rafn Valdimarsson,2023/24,40,0,0,0,0,0,0,0,0,0
105,Hákon Rafn Valdimarsson,2024/25,40,2,144,0,0,0,2,0,0,0
106,Nathan Collins,2023/24,45,84,2649,1,1,7,51,8,3,0
106,Nathan Collins,2024/25,45,127,3420,2,7,8,57,11,5,0
107,Keane Lewis-Potter,2023/24,50,73,1428,3,2,6,29,1,0,0
107,Keane Lewis-Potter,2024/25,50,94,3092,1,5,8,49,0,7,0
108,Kristoffer Ajer,2023/24,45,68,1826,2,1,5,33,3,5,0
108,Kristoffer Ajer,2024/25,45,39,1433,0,0,3,25,0,5,0
109,Rico Henry,2023/24,45,13,401,0,1,1,5,0,1,0
109,Rico Henry,2024/25,45,4,94,0,0,0,3,0,0,0
110,Michael Kayode,2024/25,45,27,523,0,1,2,5,0,2,0
111,Ethan Pinnock,2023/24,45,77,2521,2,0,5,46,5,1,0
111,Ethan Pinnock,2024/25,45,47,1912,2,0,2,35,0,2,0
112,Mads Roerslev Rasmussen,2023/24,45,75,1975,1,2,5,40,3,1,0
112,Mads Roerslev Rasmussen,2024/25,45,36,1100,0,2,2,20,0,2,0
113,Sepp van den Berg,2023/24,40,0,0,0,0,0,0,0,0,0
113,Sepp van den Berg,2024/25,40,62,2584,0,1,5,49,1,3,0
114,Benjamin Arthur,2023/24,40,0,0,0,0,0,0,0,0,0
114,Benjamin Arthur,2024/25,40,0,0,0,0,0,0,0,0,0
115,Benjamin Fredrick,2023/24,40,0,0,0,0,0,0,0,0,0
115,Benjamin Fredrick,2024/25,40,0,0,0,0,0,0,0,0,0
116,Aaron Hickey,2023/24,45,17,713,0,0,2,12,0,5,0
116,Aaron Hickey,2024/25,45,0,0,0,0,0,0,0,0,0
117,Kim Ji-soo,2023/24,40,0,0,0,0,0,0,0,0,0
117,Kim Ji-soo,2024/25,40,3,28,0,0,0,0,0,0,0
118,Jayden Meghoma,2024/25,40,1,4,0,0,0,0,0,0,0
120,Kevin Schade,2023/24,55,33,327,2,2,1,5,2,0,0
120,Kevin Schade,2024/25,55,149,2281,11,4,10,34,12,3,0
121,Mikkel Damsgaard,2023/24,50,45,829,0,4,5,9,0,2,0
121,Mikkel Damsgaard,2024/25,50,131,2911,2,10,11,41,10,2,0
123,Fábio Freitas Gouveia Carvalho,2022/23,55,27,339,2,1,0,3,0,0,0
123,Fábio Freitas Gouveia Carvalho,2024/25,50,35,443,2,1,0,14,1,1,0
124,Jordan Henderson,2022/23,55,69,2060,0,3,8,30,0,2,0
124,Jordan Henderson,2023/24,50,0,0,0,0,0,0,0,0,0
125,Vitaly Janelt,2023/24,55,93,3054,1,4,9,52,1,8,0
125,Vitaly Janelt,2024/25,50,73,2251,1,3,6,38,2,3,0
126,Mathias Jensen,2023/24,55,98,2201,3,4,9,45,10,5,0
126,Mathias Jensen,2024/25,55,38,846,0,2,2,17,1,2,0
127,Gustavo Nunes Fernandes Gomes,2024/25,50,3,11,0,0,0,2,0,0,0
128,Frank Onyeka,2023/24,50,39,1147,1,2,1,27,0,8,0
128,Frank Onyeka,2024/25,50,2,23,0,0,0,0,0,0,0
129,Yehor Yarmoliuk,2023/24,45,33,670,0,0,4,9,0,2,0
129,Yehor Yarmoliuk,2024/25,45,43,1435,0,0,3,25,0,6,0
131,Yunus Emre Konak,2023/24,45,0,0,0,0,0,0,0,0,0
131,Yunus Emre Konak,2024/25,45,10,53,0,0,0,2,0,0,0
132,Paris Maghoma,2021/22,45,0,0,0,0,0,0,0,0,0
132,Paris Maghoma,2024/25,45,8,112,0,0,0,1,0,0,0
133,Myles Peart-Harris,2023/24,45,3,11,0,0,0,0,0,0,0
133,Myles Peart-Harris,2024/25,45,0,0,0,0,0,0,0,0,0
134,Ryan Trevitt,2023/24,45,0,0,0,0,0,0,0,0,0
134,Ryan Trevitt,2024/25,45,1,3,0,0,0,0,0,0,0
136,Igor Thiago Nascimento Rodrigues,2024/25,60,9,167,0,0,0,4,0,0,0
137,Iwan Morgan,2024/25,45,0,0,0,0,0,0,0,0,0
138,Jason Steele,2023/24,45,42,1530,0,0,2,34,5,0,0
138,Jason Steele,2024/25,45,9,180,0,0,1,1,1,0,0
139,Bart Verbruggen,2023/24,45,68,1890,0,0,4,28,7,3,0
139,Bart Verbruggen,2024/25,45,103,3240,0,1,7,58,6,5,0
140,Tom McGill,2022/23,40,0,0,0,0,0,0,0,0,0
140,Tom McGill,2023/24,40,0,0,0,0,0,0,0,0,0
141,Carl Rushworth,2024/25,40,0,0,0,0,0,0,0,0,0
142,Kjell Scherpen,2022/23,40,0,0,0,0,0,0,0,0,0
142,Kjell Scherpen,2023/24,40,0,0,0,0,0,0,0,0,0
146,Lewis Dunk,2023/24,50,89,2869,3,1,5,53,11,6,1
146,Lewis Dunk,2024/25,45,44,2081,0,1,4,42,0,5,0
147,Pervis Estupiñán Tenorio,2023/24,50,57,1242,2,3,3,26,7,4,0
147,Pervis Estupiñán Tenorio,2024/25,50,63,2399,1,1,3,44,7,5,0
148,Ferdi Kadıoğlu,2024/25,45,19,385,1,0,2,8,0,1,0
150,Tariq Lamptey,2023/24,40,31,908,0,3,1,20,0,3,0
150,Tariq Lamptey,2024/25,45,42,856,2,2,2,21,1,0,0
151,Jan Paul van Hecke,2023/24,40,61,2368,0,0,5,38,3,4,0
151,Jan Paul van Hecke,2024/25,45,87,2960,1,1,7,47,7,6,1
152,Joël Veltman,2023/24,45,49,1579,1,1,3,32,0,4,0
152,Joël Veltman,2024/25,45,59,1694,0,0,6,24,7,5,0
153,Adam Webster,2023/24,45,26,1142,0,0,2,22,2,2,0
153,Adam Webster,2024/25,45,39,885,0,1,4,11,2,1,0
154,Eiran Cashin,2024/25,45,1,19,0,0,0,2,0,0,0
155,Jacob Slater,2024/25,40,0,0,0,0,0,0,0,0,0
156,Charlie Tasker,2024/25,40,0,0,0,0,0,0,0,0,0
157,Mitoma Kaoru,2023/24,65,74,1485,3,7,1,27,7,4,0
157,Mitoma Kaoru,2024/25,65,145,2597,10,5,6,40,12,1,0
158,Georginio Rutter,2022/23,55,15,263,0,1,0,9,0,0,0
158,Georginio Rutter,2024/25,55,95,1651,5,6,6,29,1,2,0
159,Solly March,2023/24,65,39,555,3,1,2,11,6,1,0
159,Solly March,2024/25,65,7,161,0,0,0,3,0,2,0
160,Yankuba Minteh,2024/25,55,102,1831,6,5,4,33,8,6,0
161,Julio Enciso Espínola,2023/24,55,20,468,0,2,0,12,0,2,0
161,Julio Enciso Espínola,2024/25,55,59,1155,2,3,2,22,5,3,0
162,Brajan Gruda,2024/25,55,45,676,1,4,1,15,1,0,0
163,Jack Hinshelwood,2023/24,45,42,866,3,0,2,17,5,1,0
163,Jack Hinshelwood,2024/25,50,89,1839,5,3,6,30,8,5,0
164,Matt O'Riley,2024/25,55,50,929,2,3,2,20,2,1,0
166,Yasin Ayari,2023/24,45,0,0,0,0,0,0,0,0,0
166,Yasin Ayari,2024/25,50,74,1958,2,1,7,28,3,4,0
167,Carlos Baleba,2023/24,45,34,1314,0,0,2,28,0,7,0
167,Carlos Baleba,2024/25,50,87,2660,3,1,8,40,7,6,1
169,Diego Gómez Amarilla,2024/25,55,30,507,1,1,0,13,2,0,0
170,James Milner,2023/24,50,28,770,0,2,4,12,0,3,0
170,James Milner,2024/25,50,6,170,0,0,1,1,0,1,0
171,Jeremy Sarmiento Morante,2023/24,45,0,0,0,0,0,0,0,0,0
171,Jeremy Sarmiento Morante,2024/25,50,1,8,0,0,0,0,0,0,0
173,Mats Wieffer,2024/25,50,52,1003,1,5,2,22,4,6,0
175,Joe Knight,2024/25,45,0,0,0,0,0,0,0,0,0
176,Adrian Mazilu,2024/25,45,0,0,0,0,0,0,0,0,0
177,Andrew Moran,2022/23,45,1,11,0,0,0,1,0,0,0
177,Andrew Moran,2024/25,50,0,0,0,0,0,0,0,0,0
178,Danny Welbeck,2023/24,60,79,1687,5,4,8,28,5,4,0
178,Danny Welbeck,2024/25,55,125,2109,10,5,7,37,21,5,0
179,Evan Ferguson,2023/24,60,69,1356,6,1,2,28,5,1,0
179,Evan Ferguson,2024/25,55,28,385,1,0,1,9,2,0,0
168,Facundo Buonanotte,2023/24,50,57,1356,3,1,6,19,1,7,0
168,Facundo Buonanotte,2024/25,50,75,1508,5,2,2,33,6,8,0
220,Robert Lynch Sánchez,2023/24,45,59,1433,0,0,3,25,7,2,0
220,Robert Lynch Sánchez,2024/25,45,126,2880,0,0,10,34,11,5,0
221,Filip Jörgensen,2024/25,45,18,540,0,0,1,9,0,0,0
223,Gabriel Słonina,2023/24,40,0,0,0,0,0,0,0,0,0
224,Marc Cucurella Saseta,2023/24,50,44,1783,0,3,4,33,3,10,0
224,Marc Cucurella Saseta,2024/25,50,133,2988,5,2,9,38,14,8,1
225,Reece James,2023/24,55,11,416,0,2,0,13,0,0,2
225,Reece James,2024/25,50,54,1057,1,2,3,14,5,1,0
226,Trevoh Chalobah,2023/24,45,39,949,1,0,3,14,4,1,0
226,Trevoh Chalobah,2024/25,45,93,1969,3,1,6,25,11,3,0
227,Levi Samuels Colwill,2023/24,45,65,1794,1,1,5,26,4,2,0
227,Levi Samuels Colwill,2024/25,45,109,3150,2,1,10,41,6,9,0
228,Malo Gusto,2023/24,40,74,1746,0,6,5,28,10,7,1
228,Malo Gusto,2024/25,50,60,1853,0,1,4,26,2,4,0
229,Benoît Badiashile Mukinayi,2023/24,45,35,1337,0,1,3,31,4,3,0
229,Benoît Badiashile Mukinayi,2024/25,45,7,332,0,0,0,5,0,0,0
230,Wesley Fofana,2023/24,45,0,0,0,0,0,0,0,0,0
230,Wesley Fofana,2024/25,45,26,1172,0,0,2,13,2,7,0
232,Tosin Adarabioyo,2023/24,45,66,1616,2,0,6,25,2,2,0
232,Tosin Adarabioyo,2024/25,45,71,1403,1,1,7,14,7,4,0
233,Josh Acheampong,2023/24,40,1,5,0,0,0,0,0,0,0
233,Josh Acheampong,2024/25,40,4,168,0,0,0,3,0,1,0
234,Aarón Anselmino,2024/25,40,0,0,0,0,0,0,0,0,0
235,Cole Palmer,2023/24,50,244,2617,22,13,7,46,32,7,0
235,Cole Palmer,2024/25,105,214,3193,15,10,10,41,35,7,0
236,Pedro Lomba Neto,2023/24,55,86,1516,2,11,3,27,8,4,0
236,Pedro Lomba Neto,2024/25,65,104,2262,4,6,8,25,9,8,0
237,Enzo Fernández,2023/24,50,77,2208,3,3,5,47,4,7,0
237,Enzo Fernández,2024/25,50,135,2943,6,8,10,37,11,8,0
240,Christopher Nkunku,2023/24,75,29,437,3,0,0,12,4,0,0
240,Christopher Nkunku,2024/25,65,60,904,3,2,2,16,5,2,0
241,Moisés Caicedo Corozo,2023/24,50,84,2865,1,3,7,50,6,11,0
241,Moisés Caicedo Corozo,2024/25,50,98,3351,1,4,12,42,4,11,0
243,Tyrique George,2023/24,45,0,0,0,0,0,0,0,0,0
243,Tyrique George,2024/25,45,17,177,1,1,1,0,0,1,0
244,Roméo Lavia,2023/24,50,1,32,0,0,0,0,0,0,0
244,Roméo Lavia,2024/25,45,26,792,0,1,3,11,0,4,0
245,Mykhailo Mudryk,2023/24,65,94,1564,5,5,7,28,5,5,0
245,Mykhailo Mudryk,2024/25,65,7,145,0,0,0,2,0,0,0
246,Andrey Nascimento dos Santos,2023/24,45,1,7,0,0,0,0,0,0,0
246,Andrey Nascimento dos Santos,2024/25,45,0,0,0,0,0,0,0,0,0
249,João Pedro Junqueira de Jesus,2023/24,55,104,2037,9,3,5,38,12,2,0
249,João Pedro Junqueira de Jesus,2024/25,55,126,1946,10,6,6,28,26,4,1
250,Liam Delap,2022/23,45,0,0,0,0,0,0,0,0,0
250,Liam Delap,2024/25,55,132,2587,12,2,3,58,22,12,0
251,Nicolas Jackson,2023/24,70,142,2801,14,6,9,48,12,10,0
251,Nicolas Jackson,2024/25,75,121,2220,10,6,11,24,17,7,1
252,Marc Guiu Paz,2024/25,50,3,71,0,0,0,2,0,0,0
453,Alejandro Garnacho Ferreyra,2023/24,50,131,2564,7,7,8,39,7,4,0
453,Alejandro Garnacho Ferreyra,2024/25,65,106,2188,6,4,5,36,7,3,0
253,Dean Henderson,2023/24,45,48,1620,0,0,4,30,2,2,0
253,Dean Henderson,2024/25,45,135,3420,0,0,11,51,8,3,0
255,Remi Matthews,2023/24,40,1,3,0,0,0,1,0,0,0
255,Remi Matthews,2024/25,40,0,0,0,0,0,0,0,0,0
256,Daniel Muñoz Mejía,2023/24,45,56,1440,0,4,5,22,3,4,0
256,Daniel Muñoz Mejía,2024/25,50,142,3229,4,6,11,46,9,10,0
257,Maxence Lacroix,2024/25,45,114,3116,1,2,11,45,9,5,0
258,Tyrick Mitchell,2023/24,45,119,3204,2,3,10,55,10,6,0
258,Tyrick Mitchell,2024/25,50,123,3090,0,6,12,46,4,2,0
260,Marc Guéhi,2023/24,45,66,2020,0,1,6,32,6,2,0
260,Marc Guéhi,2024/25,45,116,3059,3,2,11,42,11,7,1
261,Chris Richards,2023/24,40,62,2091,1,1,4,38,4,3,0
261,Chris Richards,2024/25,45,68,1921,1,1,7,31,2,2,1
262,Chadi Riad Dnanou,2024/25,45,1,90,0,0,0,2,0,0,0
263,Nathaniel Clyne,2023/24,45,52,1335,0,1,5,16,0,0,0
263,Nathaniel Clyne,2024/25,45,18,477,0,0,1,11,0,1,0
264,Rob Holding,2023/24,45,0,0,0,0,0,0,0,0,0
264,Rob Holding,2024/25,45,0,0,0,0,0,0,0,0,0
265,Caleb Kporha,2024/25,40,2,11,0,0,0,1,0,0,0
267,Ismaïla Sarr,2021/22,60,81,1862,5,2,2,40,9,2,0
267,Ismaïla Sarr,2024/25,60,149,2708,8,7,10,39,14,4,0
268,Cheick Doucouré,2023/24,50,21,920,0,0,3,12,0,2,0
268,Cheick Doucouré,2024/25,50,19,443,0,1,1,6,0,1,0
269,Romain Esse,2024/25,50,22,138,1,2,0,3,3,0,0
270,Will Hughes,2023/24,50,61,1886,0,2,8,38,2,6,0
270,Will Hughes,2024/25,50,67,2100,0,4,10,31,3,11,0
271,Daichi Kamada,2024/25,55,45,1545,0,0,3,27,0,4,1
272,Jefferson Lerma Solís,2023/24,50,64,2399,1,1,5,46,4,8,0
272,Jefferson Lerma Solís,2024/25,50,58,2270,0,1,6,36,2,9,0
273,Adam Wharton,2023/24,50,50,1296,0,3,7,16,4,2,0
273,Adam Wharton,2024/25,50,42,1314,0,2,4,21,0,2,0
274,Asher Agbinone,2024/25,45,2,4,0,0,0,0,0,0,0
275,Naouirou Ahamada,2023/24,45,16,332,0,0,0,14,0,2,1
275,Naouirou Ahamada,2024/25,45,0,0,0,0,0,0,0,0,0
276,Justin Devenny,2024/25,45,34,494,1,1,0,8,1,1,0
277,Malcolm Ebiowei,2023/24,45,0,0,0,0,0,0,0,0,0
277,Malcolm Ebiowei,2024/25,45,0,0,0,0,0,0,0,0,0
278,Jesurun Rak-Sakyi,2023/24,45,8,132,0,0,1,3,0,0,0
278,Jesurun Rak-Sakyi,2024/25,45,0,0,0,0,0,0,0,0,0
279,Matheus França de Oliveira,2023/24,50,16,224,0,2,0,7,0,1,0
279,Matheus França de Oliveira,2024/25,45,9,52,1,0,0,0,0,0,0
280,David Ozoh,2023/24,45,8,148,0,0,0,5,0,1,0
280,David Ozoh,2024/25,45,0,0,0,0,0,0,0,0,0
281,Kaden Rodney,2023/24,45,0,0,0,0,0,0,0,0,0
281,Kaden Rodney,2024/25,45,0,0,0,0,0,0,0,0,0
282,Franco Umeh-Chibueze,2023/24,45,0,0,0,0,0,0,0,0,0
282,Franco Umeh-Chibueze,2024/25,45,0,0,0,0,0,0,0,0,0
283,Jean-Philippe Mateta,2023/24,50,165,2274,16,7,8,44,22,3,0
283,Jean-Philippe Mateta,2024/25,75,150,2642,14,2,9,37,27,2,0
284,Eddie Nketiah,2023/24,55,71,1065,5,4,6,10,5,3,0
284,Eddie Nketiah,2024/25,60,53,1018,3,2,2,17,4,4,1
285,Odsonne Édouard,2023/24,55,79,1545,7,0,6,24,9,4,0
285,Odsonne Édouard,2024/25,55,7,141,0,0,0,3,0,0,0
286,Zach Marsh,2024/25,45,0,0,0,0,0,0,0,0,0
242,Kiernan Dewsbury-Hall,2022/23,50,82,2305,2,3,7,41,5,3,1
242,Kiernan Dewsbury-Hall,2024/25,60,18,257,0,1,0,3,1,0,0
287,Jordan Pickford,2023/24,45,153,3420,0,0,13,51,22,5,0
287,Jordan Pickford,2024/25,50,158,3420,0,1,12,44,15,7,0
288,Mark Travers,2023/24,40,19,360,0,0,2,5,2,0,0
288,Mark Travers,2024/25,45,19,450,0,0,1,5,1,0,0
289,Harry Tyrer,2020/21,40,0,0,0,0,0,0,0,0,0
289,Harry Tyrer,2021/22,40,0,0,0,0,0,0,0,0,0
290,Jarrad Branthwaite,2023/24,40,124,3116,3,1,12,44,10,8,0
290,Jarrad Branthwaite,2024/25,50,88,2509,0,1,9,28,3,4,0
291,James Tarkowski,2023/24,45,117,3420,1,1,13,51,10,11,0
291,James Tarkowski,2024/25,50,105,2922,1,1,10,38,8,6,0
292,Vitalii Mykolenko,2023/24,45,101,2469,2,1,9,37,9,1,0
292,Vitalii Mykolenko,2024/25,45,121,3082,1,3,11,39,9,4,0
293,Jake O'Brien,2023/24,40,0,0,0,0,0,0,0,0,0
293,Jake O'Brien,2024/25,50,65,1568,2,0,5,17,5,5,0
294,Séamus Coleman,2023/24,45,30,661,0,0,4,10,3,0,0
294,Séamus Coleman,2024/25,45,5,214,0,0,0,4,0,1,0
295,Michael Keane,2023/24,45,18,437,1,0,1,13,2,2,0
295,Michael Keane,2024/25,40,48,1046,3,0,3,20,4,5,0
296,Nathan Patterson,2023/24,45,34,1000,0,2,2,21,3,4,0
296,Nathan Patterson,2024/25,45,14,342,0,1,0,6,0,1,0
297,Roman Dixon,2024/25,40,0,90,0,0,0,4,0,0,0
298,Reece Welch,2022/23,40,0,0,0,0,0,0,0,0,0
298,Reece Welch,2024/25,40,0,0,0,0,0,0,0,0,0
299,Iliman Ndiaye,2023/24,55,0,0,0,0,0,0,0,0,0
299,Iliman Ndiaye,2024/25,55,114,2426,9,0,15,24,21,3,0
300,Dwight McNeil,2023/24,55,124,2891,3,8,12,39,8,2,0
300,Dwight McNeil,2024/25,55,93,1366,4,8,5,24,9,1,0
301,Carlos Alcaraz Durán,2022/23,50,55,1024,4,2,0,25,4,3,0
301,Carlos Alcaraz Durán,2024/25,50,44,766,2,3,1,9,5,4,0
302,Idrissa Gana Gueye,2023/24,50,73,1885,4,0,7,25,10,8,0
302,Idrissa Gana Gueye,2024/25,50,89,3063,0,3,12,39,5,9,0
303,James Garner,2023/24,50,87,3001,1,2,11,47,3,7,0
303,James Garner,2024/25,50,42,1590,0,1,5,19,0,5,0
304,Tim Iroegbunam,2023/24,45,10,157,0,0,0,7,0,0,0
304,Tim Iroegbunam,2024/25,45,22,562,0,1,0,16,0,4,0
305,Harrison Armstrong,2024/25,45,2,47,0,0,0,1,0,1,0
306,Callum Bates,2024/25,45,0,0,0,0,0,0,0,0,0
307,Coby Ebere,2024/25,45,0,0,0,0,0,0,0,0,0
308,Isaac Heath,2024/25,45,0,0,0,0,0,0,0,0,0
309,Jenson Metcalfe,2023/24,45,0,0,0,0,0,0,0,0,0
309,Jenson Metcalfe,2024/25,45,0,0,0,0,0,0,0,0,0
311,Norberto Bercique Gomes Betuncal,2023/24,60,50,943,3,0,2,20,3,2,0
311,Norberto Bercique Gomes Betuncal,2024/25,50,87,1521,8,0,4,24,11,2,0
312,Youssef Ramalho Chermiti,2023/24,50,16,196,0,0,1,4,0,3,0
312,Youssef Ramalho Chermiti,2024/25,50,3,42,0,0,0,0,0,1,0
313,Martin Sherif,2024/25,45,0,0,0,0,0,0,0,0,0
419,Jack Grealish,2023/24,75,50,998,3,1,3,13,6,6,0
419,Jack Grealish,2024/25,65,38,710,1,1,2,10,4,3,0
630,Tom King,2023/24,40,0,0,0,0,0,0,0,0,0
630,Tom King,2024/25,40,1,1,0,0,0,0,0,0,0
704,Tyler Onyango,2021/22,45,3,27,0,0,0,0,0,0,0
704,Tyler Onyango,2023/24,45,1,1,0,0,0,0,0,0,0
705,Elijah Campbell,2023/24,40,0,0,0,0,0,0,0,0,0
707,Tyler Dibling,2021/22,45,0,0,0,0,0,0,0,0,0
707,Tyler Dibling,2024/25,45,68,1863,2,2,3,50,4,6,0
314,Bernd Leno,2023/24,45,133,3420,0,0,10,61,15,3,0
314,Bernd Leno,2024/25,50,115,3420,0,2,5,54,5,5,0
315,Steven Benda,2023/24,40,0,0,0,0,0,0,0,0,0
315,Steven Benda,2024/25,40,0,0,0,0,0,0,0,0,0
316,Antonee Robinson,2023/24,45,104,3266,0,6,9,60,8,6,0
316,Antonee Robinson,2024/25,45,106,3166,0,10,5,49,8,8,0
317,Joachim Andersen,2023/24,45,121,3416,2,3,10,58,12,7,0
317,Joachim Andersen,2024/25,45,51,2673,0,0,4,47,3,7,1
318,Calvin Bassey,2023/24,45,66,2299,1,0,6,42,4,4,1
318,Calvin Bassey,2024/25,45,75,3074,1,0,5,47,0,7,0
319,Timothy Castagne,2023/24,45,105,2630,1,3,9,40,7,3,0
319,Timothy Castagne,2024/25,45,46,1642,0,1,3,28,0,1,0
320,Issa Diop,2023/24,45,43,1423,0,0,5,26,3,2,1
320,Issa Diop,2024/25,45,31,1334,0,0,1,19,0,2,0
321,Jorge Cuenca Barreno,2024/25,45,9,349,0,0,0,8,0,0,0
322,Kenny Tete,2023/24,45,27,863,1,0,2,21,0,2,0
322,Kenny Tete,2024/25,45,49,1773,0,2,3,26,0,5,0
323,Samuel Amissah,2024/25,40,0,0,0,0,0,0,0,0,0
324,Alex Iwobi,2023/24,55,102,2331,5,2,7,41,9,2,0
324,Alex Iwobi,2024/25,55,156,2981,9,6,6,45,16,1,0
325,Emile Smith Rowe,2023/24,55,25,343,0,2,3,3,0,0,0
325,Emile Smith Rowe,2024/25,55,114,2036,6,3,7,28,15,3,0
326,Adama Traoré Diarra,2023/24,50,36,363,2,3,0,13,1,2,0
326,Adama Traoré Diarra,2024/25,50,95,1756,2,8,3,28,8,3,0
327,Andreas Hoelgebaum Pereira,2023/24,55,127,2611,3,9,14,40,7,6,0
327,Andreas Hoelgebaum Pereira,2024/25,55,81,2004,2,6,5,32,2,8,0
328,Ryan Sessegnon,2023/24,45,0,0,0,0,0,0,0,0,0
328,Ryan Sessegnon,2024/25,45,57,574,4,2,1,10,5,1,0
329,Harry Wilson,2023/24,55,94,1603,4,7,5,30,5,6,0
329,Harry Wilson,2024/25,55,78,1148,6,2,2,21,6,2,0
330,Sander Berge,2023/24,50,74,3002,1,2,2,70,3,8,1
330,Sander Berge,2024/25,50,53,2221,0,0,4,35,2,6,0
331,Tom Cairney,2023/24,50,70,1472,1,6,4,27,2,3,0
331,Tom Cairney,2024/25,50,33,610,2,0,1,12,0,3,1
332,Saša Lukić,2023/24,45,43,1113,1,0,5,20,0,3,0
332,Saša Lukić,2024/25,50,56,2348,0,2,4,37,1,12,0
333,Martial Godo,2022/23,45,0,0,0,0,0,0,0,0,0
333,Martial Godo,2024/25,45,2,21,0,0,0,0,0,0,0
334,Luke Harris,2023/24,45,2,74,0,0,0,5,0,0,0
334,Luke Harris,2024/25,45,0,0,0,0,0,0,0,0,0
335,Josh King,2023/24,45,0,0,0,0,0,0,0,0,0
335,Josh King,2024/25,45,10,126,0,0,1,0,0,0,0
336,Harrison Reed,2023/24,50,47,1317,0,2,6,23,0,6,0
336,Harrison Reed,2024/25,50,10,100,0,0,0,3,0,2,0
337,Raúl Jiménez Rodríguez,2023/24,55,72,1390,7,0,4,29,13,3,1
337,Raúl Jiménez Rodríguez,2024/25,55,147,2486,12,3,7,37,26,4,0
338,Rodrigo Muniz Carvalho,2023/24,45,97,1589,9,2,6,27,12,1,0
338,Rodrigo Muniz Carvalho,2024/25,60,86,943,8,1,2,17,14,1,0
339,Illan Meslier,2021/22,50,106,3384,0,0,5,79,8,2,0
339,Illan Meslier,2022/23,45,90,3060,0,0,5,67,8,3,0
341,Karl Darlow,2022/23,40,0,0,0,0,0,0,0,0,0
341,Karl Darlow,2023/24,40,0,0,0,0,0,0,0,0,0
342,Jayden Bogle,2020/21,45,39,1107,2,0,2,20,0,2,0
342,Jayden Bogle,2023/24,45,63,2787,3,3,3,79,0,9,0
343,Pascal Struijk,2021/22,45,35,2050,1,1,1,53,0,6,1
343,Pascal Struijk,2022/23,45,66,2198,2,2,4,52,4,5,0
346,Sam Byram,2019/20,45,32,1292,0,0,3,23,2,4,0
346,Sam Byram,2021/22,45,20,1023,0,0,2,27,0,3,0
348,Joe Rodon,2022/23,40,0,0,0,0,0,0,0,0,0
348,Joe Rodon,2023/24,40,0,0,0,0,0,0,0,0,0
350,Brenden Aaronson,2022/23,55,83,2365,1,4,5,58,0,2,0
351,Wilfried Gnonto,2022/23,50,55,1346,2,4,4,28,6,7,0
352,Jack Harrison,2023/24,55,92,2212,3,3,11,26,5,1,0
352,Jack Harrison,2024/25,55,81,2068,1,3,7,27,4,0,0
353,Daniel James,2021/22,60,91,2489,4,5,5,51,2,7,1
353,Daniel James,2022/23,60,45,802,2,1,1,18,2,0,0
354,Ethan Ampadu,2022/23,45,0,0,0,0,0,0,0,0,0
354,Ethan Ampadu,2023/24,40,0,0,0,0,0,0,0,0,0
355,Sam Greenwood,2021/22,45,15,231,0,2,0,5,0,0,0
355,Sam Greenwood,2022/23,45,30,410,1,2,0,11,1,1,0
360,Joe Gelhardt,2021/22,45,43,733,2,4,1,25,3,4,0
360,Joe Gelhardt,2022/23,55,20,201,0,2,0,3,0,1,0
361,Darko Gyabi,2022/23,45,1,7,0,0,0,0,0,0,0
363,Patrick Bamford,2021/22,80,28,557,2,2,0,14,2,2,0
363,Patrick Bamford,2022/23,75,70,1510,4,5,1,31,3,3,0
364,Mateo Joseph Fernández-Regatillo,2022/23,45,3,24,0,0,0,0,0,0,0
365,Lukas Nmecha,2017/18,45,2,14,0,0,0,0,0,0,0
493,Sean Longstaff,2023/24,50,110,2742,6,3,10,50,3,7,0
493,Sean Longstaff,2024/25,50,34,783,0,1,2,11,0,2,0
665,Lucas Estella Perri,2018/19,40,0,0,0,0,0,0,0,0,0
691,Dominic Calvert-Lewin,2023/24,60,101,2166,7,3,13,27,9,2,0
691,Dominic Calvert-Lewin,2024/25,60,63,1602,3,2,8,18,3,2,0
706,James Justin,2022/23,45,45,1252,0,2,5,25,2,0,0
706,James Justin,2024/25,45,70,2912,2,2,3,68,6,6,0
366,Alisson Becker,2023/24,55,107,2520,0,0,8,30,9,1,0
366,Alisson Becker,2024/25,55,112,2508,0,0,10,29,9,0,0
369,Freddie Woodman,2019/20,40,0,0,0,0,0,0,0,0,0
369,Freddie Woodman,2021/22,45,9,360,0,0,0,12,0,0,0
371,Milos Kerkez,2023/24,45,59,1966,0,2,6,37,1,4,1
371,Milos Kerkez,2024/25,45,134,3336,2,6,9,45,10,4,0
372,Andrew Robertson,2023/24,65,76,1689,3,2,3,22,8,2,0
372,Andrew Robertson,2024/25,60,91,2479,0,1,10,32,4,3,1
373,Virgil van Dijk,2023/24,60,117,3177,2,2,9,40,8,3,1
373,Virgil van Dijk,2024/25,60,143,3330,3,1,14,38,8,5,0
374,Ibrahima Konaté,2023/24,50,56,1570,0,0,6,19,2,3,1
374,Ibrahima Konaté,2024/25,50,106,2561,1,2,11,28,4,5,0
375,Conor Bradley,2023/24,40,50,752,1,3,3,7,7,2,0
375,Conor Bradley,2024/25,50,41,744,0,2,3,10,3,4,0
376,Joe Gomez,2023/24,45,76,1772,0,2,7,19,2,5,0
376,Joe Gomez,2024/25,50,14,517,0,0,1,8,0,1,0
377,Konstantinos Tsimikas,2023/24,45,48,675,0,3,4,7,4,0,0
377,Konstantinos Tsimikas,2024/25,50,43,829,0,1,4,8,3,2,0
378,Amara Nallo,2023/24,40,0,0,0,0,0,0,0,0,0
378,Amara Nallo,2024/25,40,0,0,0,0,0,0,0,0,0
379,Rhys Williams,2022/23,40,0,0,0,0,0,0,0,0,0
379,Rhys Williams,2024/25,40,0,0,0,0,0,0,0,0,0
380,Calvin Ramsay,2022/23,40,0,0,0,0,0,0,0,0,0
381,Mohamed Salah,2023/24,125,211,2531,18,12,8,30,24,2,0
381,Mohamed Salah,2024/25,125,344,3374,29,18,15,40,55,1,0
383,Luis Díaz Marulanda,2023/24,75,142,2625,8,7,7,33,9,3,0
383,Luis Díaz Marulanda,2024/25,75,183,2393,13,7,15,21,21,2,0
384,Cody Gakpo,2023/24,75,106,1633,8,5,5,20,12,1,0
384,Cody Gakpo,2024/25,75,127,1921,10,5,5,25,22,5,0
385,Federico Chiesa,2024/25,70,7,103,0,0,0,3,0,0,0
386,Alexis Mac Allister,2023/24,60,109,2600,5,5,6,34,12,7,1
386,Alexis Mac Allister,2024/25,65,122,2597,5,6,14,24,8,6,0
387,Dominik Szoboszlai,2023/24,70,99,2102,3,4,8,23,7,1,0
387,Dominik Szoboszlai,2024/25,65,143,2485,6,10,12,29,14,6,0
388,Curtis Jones,2023/24,50,40,1156,1,1,2,19,2,3,1
388,Curtis Jones,2024/25,55,87,1702,3,5,6,27,4,1,1
390,Ryan Gravenberch,2023/24,50,45,1110,1,0,3,17,3,0,0
390,Ryan Gravenberch,2024/25,50,92,3160,0,4,14,35,1,5,1
392,Endo Wataru,2023/24,55,47,1714,1,0,6,16,0,10,0
392,Endo Wataru,2024/25,50,21,259,0,0,0,5,0,0,0
393,Stefan Bajčetić Maquieira,2023/24,50,1,25,0,0,0,2,0,0,0
393,Stefan Bajčetić Maquieira,2024/25,45,0,0,0,0,0,0,0,0,0
394,James McConnell,2023/24,45,3,3,0,0,0,0,0,0,0
394,James McConnell,2024/25,45,0,0,0,0,0,0,0,0,0
395,Tyler Morton,2021/22,45,1,65,0,0,0,1,0,1,0
395,Tyler Morton,2024/25,45,0,0,0,0,0,0,0,0,0
396,Trey Nyoni,2023/24,45,0,0,0,0,0,0,0,0,0
396,Trey Nyoni,2024/25,45,0,0,0,0,0,0,0,0,0
397,Darwin Núñez Ribeiro,2023/24,75,132,2033,11,11,6,25,9,9,0
397,Darwin Núñez Ribeiro,2024/25,75,66,1113,5,3,2,21,6,8,0
398,Jayden Danns,2023/24,45,1,7,0,0,0,0,0,1,0
398,Jayden Danns,2024/25,45,1,10,0,0,0,1,0,0,0
499,Alexander Isak,2023/24,75,172,2253,21,4,7,41,23,1,0
499,Alexander Isak,2024/25,85,211,2758,23,6,12,41,36,1,0
182,James Trafford,2020/21,40,0,0,0,0,0,0,0,0,0
182,James Trafford,2023/24,45,70,2520,0,0,2,62,5,2,0
399,Ederson Santana de Moraes,2023/24,55,112,2785,0,0,11,27,5,5,0
399,Ederson Santana de Moraes,2024/25,55,111,2320,0,4,10,26,9,4,0
400,Stefan Ortega Moreno,2023/24,40,22,632,0,0,1,7,2,0,0
400,Stefan Ortega Moreno,2024/25,55,35,1099,0,0,3,18,0,1,0
401,Marcus Bettinelli,2023/24,40,-1,0,0,0,0,0,0,1,0
401,Marcus Bettinelli,2024/25,40,0,0,0,0,0,0,0,0,0
402,Rayan Aït-Nouri,2023/24,45,77,2327,2,3,3,43,6,7,0
402,Rayan Aït-Nouri,2024/25,45,125,3112,4,7,7,67,13,5,1
403,Joško Gvardiol,2023/24,50,123,2327,4,2,9,23,12,3,0
403,Joško Gvardiol,2024/25,60,153,3278,5,0,13,41,15,2,0
404,Manuel Akanji,2023/24,50,112,2512,2,0,11,23,8,2,1
404,Manuel Akanji,2024/25,55,61,2012,0,0,6,28,1,3,0
405,Nathan Aké,2023/24,50,99,2039,2,3,6,20,6,0,0
405,Nathan Aké,2024/25,55,25,677,0,0,3,11,0,0,0
406,Abdukodir Khusanov,2024/25,50,14,503,0,0,2,6,0,1,0
407,Matheus Nunes,2023/24,50,32,831,0,2,2,13,1,0,1
407,Matheus Nunes,2024/25,50,81,1670,1,7,9,19,6,4,0
408,Rúben dos Santos Gato Alves Dias,2023/24,55,88,2557,0,0,9,28,3,0,0
408,Rúben dos Santos Gato Alves Dias,2024/25,55,90,2269,0,0,11,21,7,4,0
409,John Stones,2023/24,55,53,1061,1,0,5,9,3,2,0
409,John Stones,2024/25,55,29,544,2,0,1,11,2,1,0
410,Rico Lewis,2023/24,45,52,804,2,0,4,9,2,1,0
410,Rico Lewis,2024/25,45,66,1888,1,2,5,27,1,3,1
411,Nico O'Reilly,2022/23,45,0,0,0,0,0,0,0,0,0
411,Nico O'Reilly,2024/25,50,31,525,2,0,3,3,4,0,0
412,Vitor de Oliveira Nunes dos Reis,2024/25,45,1,1,0,0,0,0,0,0,0
413,Omar Marmoush,2024/25,70,73,1174,7,1,8,12,12,0,0
414,Phil Foden,2023/24,75,230,2860,19,8,14,27,31,2,0
414,Phil Foden,2024/25,95,105,1771,7,3,6,24,10,2,0
415,Sávio Moreira de Oliveira,2024/25,65,106,1760,1,11,8,25,15,3,0
416,Bernardo Mota Veiga de Carvalho e Silva,2023/24,65,141,2576,6,9,10,26,20,8,0
416,Bernardo Mota Veiga de Carvalho e Silva,2024/25,65,110,2667,4,4,10,36,13,7,0
418,Jérémy Doku,2023/24,65,98,1585,3,10,1,19,13,3,0
418,Jérémy Doku,2024/25,65,88,1506,3,6,8,14,3,1,0
420,İlkay Gündoğan,2022/23,75,132,2351,8,6,10,20,9,0,0
420,İlkay Gündoğan,2024/25,65,97,2218,1,7,10,28,5,1,0
421,Rodrigo 'Rodri' Hernandez Cascante,2023/24,55,159,2931,8,10,14,26,19,8,1
421,Rodrigo 'Rodri' Hernandez Cascante,2024/25,65,3,72,0,0,0,1,0,0,0
422,Mateo Kovačić,2023/24,50,59,1539,1,0,9,14,2,4,0
422,Mateo Kovačić,2024/25,55,109,2194,6,3,10,29,13,5,1
423,Nico González Iglesias,2024/25,60,31,760,1,1,6,7,0,3,0
424,Oscar Bobb,2023/24,45,30,294,1,2,1,5,2,0,0
424,Oscar Bobb,2024/25,50,3,14,0,0,0,1,0,0,0
425,Claudio Echeverri,2024/25,60,1,5,0,0,0,0,0,0,0
429,Kalvin Phillips,2023/24,50,10,394,0,0,0,13,0,1,1
429,Kalvin Phillips,2024/25,50,27,1231,0,0,1,30,0,4,1
430,Erling Haaland,2023/24,140,217,2553,27,8,11,25,29,1,0
430,Erling Haaland,2024/25,150,181,2736,22,3,10,38,26,2,0
119,Bryan Mbeumo,2023/24,65,127,1957,9,7,5,31,12,2,0
119,Bryan Mbeumo,2024/25,70,236,3415,20,9,9,55,29,3,0
431,Altay Bayındır,2023/24,40,0,0,0,0,0,0,0,0,0
431,Altay Bayındır,2024/25,45,8,360,0,0,1,10,0,0,0
432,André Onana,2023/24,50,133,3420,0,0,9,58,10,5,0
432,André Onana,2024/25,50,120,3060,0,0,9,44,8,0,0
433,Elyh Harrison,2024/25,40,0,0,0,0,0,0,0,0,0
434,Tom Heaton,2023/24,40,0,0,0,0,0,0,0,0,0
434,Tom Heaton,2024/25,40,0,0,0,0,0,0,0,0,0
435,Dermot Mee,2023/24,40,0,0,0,0,0,0,0,0,0
435,Dermot Mee,2024/25,40,0,0,0,0,0,0,0,0,0
436,Matthijs de Ligt,2024/25,50,68,2119,2,0,4,36,3,3,0
437,Lisandro Martínez,2023/24,50,15,643,0,1,1,12,0,3,0
437,Lisandro Martínez,2024/25,45,68,1751,2,1,6,27,5,7,0
438,Noussair Mazraoui,2024/25,45,88,2836,0,1,7,43,5,3,0
440,Diogo Dalot Teixeira,2023/24,50,111,3174,2,3,8,55,13,4,1
440,Diogo Dalot Teixeira,2024/25,50,95,2812,0,4,8,45,9,5,0
441,Patrick Dorgu,2024/25,45,18,840,0,0,2,12,1,3,1
442,Harry Maguire,2023/24,45,73,1650,2,4,4,29,6,3,0
442,Harry Maguire,2024/25,50,48,1751,1,0,3,27,3,7,0
443,Luke Shaw,2023/24,55,31,960,0,1,4,13,0,6,0
443,Luke Shaw,2024/25,50,5,346,0,0,0,5,0,1,0
444,Leny Yoro,2024/25,45,22,1160,0,0,1,24,0,5,0
445,Harry Amass,2023/24,40,0,0,0,0,0,0,0,0,0
445,Harry Amass,2024/25,40,4,345,0,0,0,9,0,0,0
446,Tyler Fredricson,2024/25,40,2,166,0,0,0,5,0,0,0
447,Ayden Heaven,2024/25,40,10,169,0,0,1,1,2,1,0
448,Tyrell Malacia,2023/24,45,0,0,0,0,0,0,0,0,0
448,Tyrell Malacia,2024/25,45,2,99,0,0,0,1,0,1,0
449,Bruno Borges Fernandes,2023/24,85,166,3118,10,9,7,52,24,9,0
449,Bruno Borges Fernandes,2024/25,85,174,3017,8,12,10,47,28,3,2
450,Matheus Santos Carneiro da Cunha,2023/24,55,135,2438,12,7,6,46,15,9,0
450,Matheus Santos Carneiro da Cunha,2024/25,65,178,2596,15,7,7,54,41,4,0
451,Marcus Rashford,2023/24,90,108,2264,7,3,7,37,0,2,0
451,Marcus Rashford,2024/25,70,95,1414,6,4,7,15,9,2,0
452,Amad Diallo,2023/24,45,23,385,1,1,1,6,3,1,0
452,Amad Diallo,2024/25,50,129,1898,8,8,7,30,17,5,0
454,Antony dos Santos,2023/24,70,47,1311,1,1,3,26,0,5,0
454,Antony dos Santos,2024/25,60,8,135,0,0,0,2,0,0,0
455,Mason Mount,2023/24,70,23,509,1,0,1,13,0,2,0
455,Mason Mount,2024/25,65,25,613,1,0,3,11,0,3,0
457,Carlos Henrique Casimiro,2023/24,55,58,1981,1,3,5,34,0,7,0
457,Carlos Henrique Casimiro,2024/25,50,48,1489,1,0,6,20,3,5,0
458,Kobbie Mainoo,2023/24,45,77,1927,3,1,7,31,8,3,0
458,Kobbie Mainoo,2024/25,55,42,1646,0,0,5,27,0,5,0
459,Manuel Ugarte Ribeiro,2024/25,50,49,1777,1,2,4,33,1,11,0
460,Toby Collyer,2023/24,45,0,0,0,0,0,0,0,0,0
460,Toby Collyer,2024/25,45,6,174,0,0,0,2,0,0,0
461,Jayce Fitzgerald,2024/25,45,0,0,0,0,0,0,0,0,0
462,Jack Fletcher,2024/25,45,0,0,0,0,0,0,0,0,0
463,Sékou Koné,2024/25,45,0,0,0,0,0,0,0,0,0
464,Jack Moorhouse,2024/25,45,0,0,0,0,0,0,0,0,0
465,Rasmus Højlund,2023/24,70,112,2156,10,2,6,35,14,2,0
465,Rasmus Højlund,2024/25,70,78,1998,4,1,6,31,8,2,0
466,Joshua Zirkzee,2024/25,70,64,1385,3,2,3,24,6,2,0
467,Chido Obi,2024/25,45,7,160,0,0,0,5,0,1,0
468,Ethan Wheatley,2023/24,45,3,13,0,0,0,0,0,0,0
468,Ethan Wheatley,2024/25,45,0,0,0,0,0,0,0,0,0
52,Jacob Ramsey,2023/24,60,29,848,1,1,0,12,0,2,0
52,Jacob Ramsey,2024/25,55,66,1616,1,4,5,26,3,2,1
135,Yoane Wissa,2023/24,60,131,2488,12,4,11,40,15,7,0
135,Yoane Wissa,2024/25,60,185,2921,18,6,9,45,32,5,0
469,Nick Pope,2023/24,55,57,1345,0,0,6,16,1,1,0
469,Nick Pope,2024/25,50,102,2520,0,0,8,35,2,2,0
471,Mark Gillespie,2022/23,40,0,0,0,0,0,0,0,0,0
471,Mark Gillespie,2023/24,40,0,0,0,0,0,0,0,0,0
472,Odysseas Vlachodimos,2023/24,45,12,450,0,0,1,12,0,0,0
472,Odysseas Vlachodimos,2024/25,45,0,0,0,0,0,0,0,0,0
473,Lewis Hall,2023/24,45,38,773,1,0,2,12,3,2,0
473,Lewis Hall,2024/25,45,102,2188,0,7,8,31,11,3,0
474,Fabian Schär,2023/24,50,123,3055,4,3,9,58,12,5,0
474,Fabian Schär,2024/25,55,118,2935,4,2,11,42,4,9,1
475,Sven Botman,2023/24,45,51,1375,2,2,3,29,4,2,0
475,Sven Botman,2024/25,45,18,412,0,0,2,4,0,1,0
476,Dan Burn,2023/24,45,97,2725,2,2,8,45,4,4,0
476,Dan Burn,2024/25,45,115,3330,1,1,13,45,9,11,0
477,Tino Livramento,2023/24,45,45,1302,1,0,2,27,4,1,0
477,Tino Livramento,2024/25,45,105,2835,0,1,10,40,6,1,0
478,Kieran Trippier,2023/24,65,111,2235,1,10,6,43,20,5,0
478,Kieran Trippier,2024/25,60,72,1299,0,3,6,18,8,1,0
479,Emil Krafth,2023/24,45,33,909,0,0,3,15,1,2,0
479,Emil Krafth,2024/25,45,17,334,0,0,1,2,0,2,0
480,Jamaal Lascelles,2023/24,40,46,1077,1,0,5,15,3,4,0
480,Jamaal Lascelles,2024/25,45,0,0,0,0,0,0,0,0,0
481,Alex Murphy,2023/24,40,2,11,0,0,0,0,0,0,0
481,Alex Murphy,2024/25,40,0,0,0,0,0,0,0,0,0
482,Harrison Ashby,2022/23,40,0,0,0,0,0,0,0,0,0
482,Harrison Ashby,2023/24,40,0,0,0,0,0,0,0,0,0
483,Miodrag Pivaš,2024/25,40,0,0,0,0,0,0,0,0,0
484,Matt Targett,2023/24,45,2,77,0,0,0,4,0,1,0
484,Matt Targett,2024/25,40,2,20,0,0,0,0,0,0,0
485,Anthony Gordon,2023/24,55,183,2896,11,16,12,48,14,10,1
485,Anthony Gordon,2024/25,75,124,2428,6,6,10,33,9,2,0
486,Anthony Elanga,2023/24,50,119,2424,5,9,2,47,5,1,0
486,Anthony Elanga,2024/25,55,153,2496,6,11,12,35,15,1,0
487,Harvey Barnes,2023/24,65,64,788,5,3,2,10,3,2,0
487,Harvey Barnes,2024/25,65,130,1746,9,5,6,23,13,0,0
488,Bruno Guimarães Rodriguez Moura,2023/24,60,153,3264,7,9,10,60,15,8,0
488,Bruno Guimarães Rodriguez Moura,2024/25,65,135,3273,5,6,13,44,10,7,0
489,Jacob Murphy,2023/24,50,82,1184,3,8,5,21,4,1,0
489,Jacob Murphy,2024/25,55,159,2356,8,13,11,31,11,4,0
490,Joelinton Cássio Apolinário de Lira,2023/24,60,45,1276,2,1,3,23,3,6,0
490,Joelinton Cássio Apolinário de Lira,2024/25,60,99,2394,4,4,10,32,11,10,0
491,Sandro Tonali,2023/24,55,16,437,1,0,1,5,0,2,0
491,Sandro Tonali,2024/25,55,106,2625,4,2,11,34,10,5,0
494,Joe Willock,2023/24,55,18,415,1,0,1,9,0,0,0
494,Joe Willock,2024/25,50,46,1065,0,2,4,16,0,4,0
495,Isaac Hayden,2023/24,45,0,0,0,0,0,0,0,0,0
495,Isaac Hayden,2024/25,45,0,0,0,0,0,0,0,0,0
496,Garang Kuol,2023/24,45,0,0,0,0,0,0,0,0,0
496,Garang Kuol,2024/25,45,0,0,0,0,0,0,0,0,0
497,Lewis Miley,2023/24,45,44,1203,1,3,1,29,1,1,0
497,Lewis Miley,2024/25,50,21,304,1,0,0,4,1,0,0
498,Joe White,2023/24,45,3,12,0,0,0,0,0,1,0
498,Joe White,2024/25,45,0,0,0,0,0,0,0,0,0
500,William Osula,2023/24,45,25,778,0,1,0,23,0,4,0
500,William Osula,2024/25,50,19,124,1,0,0,3,1,0,0
501,Sean Neave,2024/25,45,0,0,0,0,0,0,0,0,0
674,Aaron Ramsdale,2023/24,50,20,540,0,0,2,5,0,0,0
674,Aaron Ramsdale,2024/25,45,97,2700,0,0,3,66,11,2,0
12,Oleksandr Zinchenko,2023/24,50,104,1717,1,2,9,15,16,2,0
12,Oleksandr Zinchenko,2024/25,50,40,518,0,1,4,1,2,1,0
426,James McAtee,2023/24,45,77,1815,3,4,2,65,0,2,0
426,James McAtee,2024/25,50,31,340,3,0,0,6,0,1,0
502,Matz Sels,2023/24,45,34,1440,0,0,1,27,1,1,0
502,Matz Sels,2024/25,45,150,3420,0,1,13,46,11,4,0
503,Carlos Miguel dos Santos Pereira,2024/25,45,0,0,0,0,0,0,0,0,0
504,Matt Turner,2023/24,40,41,1530,0,0,2,28,0,2,0
504,Matt Turner,2024/25,40,0,0,0,0,0,0,0,0,0
505,Nikola Milenković,2024/25,45,145,3330,5,2,13,45,2,4,0
506,Murillo Costa dos Santos,2023/24,45,58,2790,0,2,3,56,1,5,0
506,Murillo Costa dos Santos,2024/25,45,130,3188,2,0,12,44,18,6,0
507,Ola Aina,2023/24,45,45,1690,1,1,2,39,2,3,0
507,Ola Aina,2024/25,45,128,2996,2,1,12,39,15,5,0
508,Neco Williams,2023/24,45,39,1630,0,1,1,33,2,4,0
508,Neco Williams,2024/25,45,109,2588,1,3,10,31,8,7,0
511,Felipe Rodrigues da Silva,2024/25,45,36,891,0,0,3,14,2,5,0
512,Omar Richards,2023/24,45,0,0,0,0,0,0,0,0,0
512,Omar Richards,2024/25,45,0,0,0,0,0,0,0,0,0
513,Zach Abbott,2024/25,40,0,0,0,0,0,0,0,0,0
514,Willy Boly,2023/24,45,58,1437,2,1,3,26,7,1,1
514,Willy Boly,2024/25,45,6,146,0,0,0,1,0,1,0
515,Morgan Gibbs-White,2023/24,60,142,3156,5,12,5,59,13,9,0
515,Morgan Gibbs-White,2024/25,65,154,2806,7,11,13,34,18,9,1
516,Callum Hudson-Odoi,2023/24,50,109,1846,8,2,2,41,14,0,0
516,Callum Hudson-Odoi,2024/25,55,103,2190,5,3,11,23,7,2,0
517,Elliot Anderson,2023/24,45,42,1018,0,2,5,14,3,3,0
517,Elliot Anderson,2024/25,50,107,2726,2,6,13,37,8,10,0
518,João Pedro Ferreira da Silva,2024/25,60,52,835,3,2,1,16,0,5,0
519,Nicolás Domínguez,2023/24,50,67,1489,2,2,6,27,6,4,0
519,Nicolás Domínguez,2024/25,50,54,1954,0,1,7,27,0,9,0
520,Lewis O'Brien,2023/24,50,0,0,0,0,0,0,0,0,0
520,Lewis O'Brien,2024/25,50,0,0,0,0,0,0,0,0,0
521,Ibrahim Sangaré,2023/24,50,25,1031,0,0,4,16,0,6,0
521,Ibrahim Sangaré,2024/25,45,20,584,0,1,2,6,0,3,0
522,Ryan Yates,2023/24,50,59,1979,1,1,1,38,1,6,0
522,Ryan Yates,2024/25,50,67,1901,2,2,6,27,3,10,0
523,Eric da Silva Moreira,2024/25,45,2,28,0,0,0,0,0,0,0
525,Chris Wood,2023/24,50,131,1801,14,1,2,34,22,0,0
525,Chris Wood,2024/25,60,200,2958,20,3,15,37,41,1,0
527,Taiwo Awoniyi,2023/24,65,67,1036,6,3,3,21,5,2,0
527,Taiwo Awoniyi,2024/25,60,32,398,1,0,1,10,0,0,0
675,Angus Gunn,2020/21,45,0,0,0,0,0,0,0,0,0
675,Angus Gunn,2021/22,40,31,810,0,0,1,22,3,0,0
693,Omari Hutchinson,2022/23,45,1,22,0,0,0,0,0,0,0
693,Omari Hutchinson,2024/25,55,88,2585,3,3,3,61,6,5,0
699,Douglas Luiz Soares de Paulo,2022/23,50,142,2922,6,7,13,35,17,6,1
699,Douglas Luiz Soares de Paulo,2023/24,55,148,2994,9,5,6,57,25,12,0
529,Simon Moore,2019/20,45,3,180,0,0,0,6,0,0,0
529,Simon Moore,2020/21,45,0,0,0,0,0,0,0,0,0
533,Aji Alese,2021/22,40,0,0,0,0,0,0,0,0,0
535,Dennis Cirkin,2019/20,40,0,0,0,0,0,0,0,0,0
536,Leo Fuhr Hjelde,2021/22,40,2,148,0,0,0,5,0,0,0
536,Leo Fuhr Hjelde,2022/23,40,0,0,0,0,0,0,0,0,0
537,Niall Huggins,2020/21,45,1,37,0,0,0,0,0,0,0
543,Simon Adingra,2023/24,50,97,2220,6,1,4,38,8,3,0
543,Simon Adingra,2024/25,55,60,1081,2,3,2,23,0,0,0
545,Patrick Roberts,2015/16,45,1,5,0,0,0,0,0,0,0
545,Patrick Roberts,2019/20,55,3,24,0,0,0,2,0,0,0
548,Romaine Mundle,2022/23,45,0,0,0,0,0,0,0,0,0
550,Ian Poveda-Ocampo,2020/21,45,14,344,0,0,0,5,0,0,0
550,Ian Poveda-Ocampo,2021/22,45,0,0,0,0,0,0,0,0,0
556,Pierre Ekwah Elimby,2021/22,40,0,0,0,0,0,0,0,0,0
668,Granit Xhaka,2022/23,50,153,2992,7,8,13,35,15,4,0
668,Granit Xhaka,2023/24,60,0,0,0,0,0,0,0,0,0
678,Arthur Masuaku,2021/22,45,29,645,1,1,1,12,3,1,0
678,Arthur Masuaku,2022/23,45,0,0,0,0,0,0,0,0,0
735,Bertrand Traoré,2022/23,50,20,226,2,0,1,1,1,1,0
735,Bertrand Traoré,2023/24,50,2,10,0,0,0,0,0,0,0
565,Guglielmo Vicario,2023/24,50,112,3420,0,0,7,61,9,2,0
565,Guglielmo Vicario,2024/25,50,66,2160,0,0,4,37,2,1,0
566,Brandon Austin,2023/24,40,0,0,0,0,0,0,0,0,0
566,Brandon Austin,2024/25,40,1,90,0,0,0,2,0,0,0
567,Antonín Kinský,2024/25,45,17,540,0,0,1,11,0,0,0
568,Pedro Porro Sauceda,2023/24,50,136,3090,3,8,7,54,20,3,0
568,Pedro Porro Sauceda,2024/25,55,98,2606,2,6,6,47,6,5,0
569,Cristian Romero,2023/24,45,107,2790,5,0,7,46,15,7,1
569,Cristian Romero,2024/25,50,49,1416,1,1,3,22,3,3,0
570,Kevin Danso,2019/20,45,9,275,0,1,1,8,0,0,1
570,Kevin Danso,2024/25,45,16,842,0,0,1,18,0,0,0
571,Ben Davies,2023/24,45,34,1085,1,2,1,21,0,2,0
571,Ben Davies,2024/25,45,28,1329,0,0,3,26,0,5,0
572,Radu Drăgușin,2023/24,45,14,424,0,0,1,7,0,1,0
572,Radu Drăgușin,2024/25,45,24,1250,0,0,2,29,0,1,0
573,Djed Spence,2023/24,40,0,0,0,0,0,0,0,0,0
573,Djed Spence,2024/25,45,51,1790,1,2,3,39,6,2,1
574,Destiny Udogie,2023/24,45,79,2391,2,3,5,43,8,5,1
574,Destiny Udogie,2024/25,50,43,1923,0,1,2,35,0,2,0
575,Micky van de Ven,2023/24,45,81,2341,3,0,5,38,10,5,0
575,Micky van de Ven,2024/25,45,32,1014,0,2,2,17,2,4,0
576,Ashley Phillips,2023/24,40,0,0,0,0,0,0,0,0,0
576,Ashley Phillips,2024/25,40,0,0,0,0,0,0,0,0,0
579,Son Heung-min,2023/24,90,213,2934,17,10,8,51,25,1,0
579,Son Heung-min,2024/25,100,129,2106,7,10,4,35,12,1,0
580,Brennan Johnson,2023/24,60,131,2317,5,12,5,42,9,3,0
580,Brennan Johnson,2024/25,65,137,2171,11,6,2,38,13,5,0
581,James Maddison,2023/24,75,117,2137,4,11,7,31,9,5,0
581,James Maddison,2024/25,75,133,1799,9,8,6,32,15,6,0
582,Mohammed Kudus,2023/24,65,137,2485,8,9,3,61,13,6,0
582,Mohammed Kudus,2024/25,65,106,2589,5,4,7,46,5,2,1
583,Dejan Kulusevski,2023/24,70,130,2759,8,3,8,46,14,7,0
583,Dejan Kulusevski,2024/25,65,117,2386,7,4,6,41,9,3,0
584,Mathys Tel,2024/25,60,42,908,2,2,2,20,2,2,0
585,Rodrigo Bentancur,2023/24,55,32,997,1,1,1,25,0,7,0
585,Rodrigo Bentancur,2024/25,50,49,1640,2,0,3,26,1,9,0
586,Lucas Bergvall,2024/25,45,44,1200,0,2,3,25,0,3,0
587,Yves Bissouma,2023/24,50,44,2070,0,0,7,35,0,8,2
587,Yves Bissouma,2024/25,50,50,1396,2,0,3,28,4,7,0
588,Wilson Odobert,2023/24,50,82,2095,3,4,2,48,3,3,0
588,Wilson Odobert,2024/25,55,34,843,1,0,1,20,3,0,0
589,Manor Solomon,2023/24,55,14,196,0,2,0,2,2,1,0
589,Manor Solomon,2024/25,55,0,0,0,0,0,0,0,0,0
590,Bryan Gil Salvatierra,2023/24,50,12,200,0,0,0,11,0,0,0
590,Bryan Gil Salvatierra,2024/25,50,0,0,0,0,0,0,0,0,0
591,Archie Gray,2022/23,45,0,0,0,0,0,0,0,0,0
591,Archie Gray,2024/25,50,45,1750,0,0,2,41,0,1,0
592,Mikey Moore,2023/24,45,2,3,0,0,0,0,0,0,0
592,Mikey Moore,2024/25,45,19,359,0,2,0,5,0,0,0
593,Pape Matar Sarr,2023/24,45,86,2063,3,3,9,27,4,9,0
593,Pape Matar Sarr,2024/25,50,71,1901,3,2,2,38,4,6,0
594,Yang Min-hyeok,2024/25,45,0,0,0,0,0,0,0,0,0
595,Callum Olusesi,2024/25,45,0,0,0,0,0,0,0,0,0
596,Dominic Solanke-Mitchell,2023/24,65,175,3325,19,3,10,61,20,3,0
596,Dominic Solanke-Mitchell,2024/25,75,108,2199,9,5,4,43,7,0,0
597,Richarlison de Andrade,2023/24,70,122,1481,11,4,7,18,7,3,0
597,Richarlison de Andrade,2024/25,70,35,497,4,1,1,9,0,2,0
598,Will Lankshear,2024/25,45,3,10,0,0,0,0,0,0,0
599,Dane Scarlett,2023/24,45,4,19,0,0,0,0,0,0,0
599,Dane Scarlett,2024/25,45,6,31,0,1,0,1,0,0,0
673,João Maria Lobo Alves Palhares Costa Palhinha Gonçalves,2022/23,50,83,3108,3,0,9,43,5,14,0
673,João Maria Lobo Alves Palhares Costa Palhinha Gonçalves,2023/24,50,91,2698,4,1,9,46,8,13,0
149,Igor Julio dos Santos de Paulo,2023/24,45,37,1631,0,0,2,26,1,4,0
149,Igor Julio dos Santos de Paulo,2024/25,45,18,959,0,0,1,17,0,4,0
600,Alphonse Areola,2023/24,40,116,2700,0,0,4,53,11,1,0
600,Alphonse Areola,2024/25,45,69,2259,0,0,4,41,1,0,0
601,Wes Foderingham,2023/24,45,70,2648,0,0,1,79,7,2,0
601,Wes Foderingham,2024/25,45,0,0,0,0,0,0,0,0,0
602,Krisztián Hegyi,2022/23,40,0,0,0,0,0,0,0,0,0
604,Emerson Palmieri dos Santos,2023/24,45,82,3138,1,4,5,67,8,10,0
604,Emerson Palmieri dos Santos,2024/25,45,76,2108,2,1,5,41,4,5,0
605,Maximilian Kilman,2023/24,45,82,3420,2,0,5,65,3,7,0
605,Maximilian Kilman,2024/25,45,82,3348,0,1,6,62,5,5,0
606,Konstantinos Mavropanos,2023/24,45,40,1500,1,0,3,27,3,2,0
606,Konstantinos Mavropanos,2024/25,45,45,2035,0,0,2,39,4,4,1
607,Nayef Aguerd,2023/24,45,36,1857,1,0,2,44,0,1,1
607,Nayef Aguerd,2024/25,45,0,0,0,0,0,0,0,0,0
608,Ollie Scarles,2023/24,40,0,0,0,0,0,0,0,0,0
608,Ollie Scarles,2024/25,40,29,659,0,0,2,9,2,1,0
609,Jean-Clair Todibo,2024/25,45,54,1824,0,0,5,33,1,3,0
610,Aaron Wan-Bissaka,2023/24,45,47,1778,0,2,3,34,5,4,0
610,Aaron Wan-Bissaka,2024/25,45,118,3154,2,6,6,59,15,1,0
611,Kaelan Casey,2023/24,40,1,1,0,0,0,0,0,0,0
611,Kaelan Casey,2024/25,40,1,1,0,0,0,0,0,0,0
612,Lucas Tolentino Coelho de Lima,2023/24,60,100,2627,4,6,4,52,7,10,0
612,Lucas Tolentino Coelho de Lima,2024/25,60,80,2374,4,1,4,50,5,10,0
613,Tomáš Souček,2023/24,50,116,2867,7,2,5,64,9,7,0
613,Tomáš Souček,2024/25,50,126,2563,9,2,7,44,15,8,0
614,James Ward-Prowse,2023/24,60,146,3000,7,7,5,65,19,4,0
614,James Ward-Prowse,2024/25,65,51,1433,1,2,5,18,2,2,1
615,Crysencio Summerville,2022/23,45,74,1411,4,4,1,38,4,4,0
615,Crysencio Summerville,2024/25,60,33,776,1,1,2,20,2,2,0
616,Edson Álvarez Velázquez,2023/24,50,62,2375,1,1,5,45,3,11,0
616,Edson Álvarez Velázquez,2024/25,50,40,1769,0,1,3,31,0,7,1
617,Maxwel Cornet,2023/24,55,13,109,1,0,0,3,0,0,0
617,Maxwel Cornet,2024/25,50,1,71,0,0,0,4,0,1,0
618,Guido Rodríguez,2024/25,50,36,1147,0,1,4,19,0,6,0
619,Luis Guilherme Lira dos Santos,2024/25,50,12,139,0,0,0,5,0,0,0
620,George Earthy,2023/24,45,8,33,1,0,0,0,0,0,0
620,George Earthy,2024/25,45,0,0,0,0,0,0,0,0,0
621,Andy Irving,2024/25,50,9,161,0,0,0,4,0,2,0
622,Lewis Orford,2023/24,45,0,0,0,0,0,0,0,0,0
622,Lewis Orford,2024/25,45,2,47,0,0,0,1,0,0,0
624,Jarrod Bowen,2023/24,70,182,3020,16,6,5,63,14,2,0
624,Jarrod Bowen,2024/25,75,193,2974,13,11,8,50,21,1,0
625,Niclas Füllkrug,2024/25,70,42,783,3,2,2,18,3,2,0
626,Callum Marshall,2023/24,45,0,0,0,0,0,0,0,0,0
659,Kyle Walker-Peters,2022/23,45,56,2650,1,0,3,58,2,4,0
659,Kyle Walker-Peters,2024/25,45,54,2918,0,3,2,77,3,5,0
671,Callum Wilson,2023/24,80,69,981,9,1,6,15,4,3,0
671,Callum Wilson,2024/25,70,19,355,0,0,0,7,0,1,0
679,Mads Hermansen,2024/25,45,63,2385,0,0,1,58,1,1,0
708,Mateus Gonçalo Espanha Fernandes,2024/25,50,95,2911,2,4,5,66,8,8,0
738,Lukasz Fabianski,2023/24,45,24,721,0,0,1,21,1,0,0
738,Lukasz Fabianski,2024/25,40,39,1160,0,0,2,21,2,2,0
627,Sam Johnstone,2023/24,45,68,1796,0,0,6,27,7,1,0
627,Sam Johnstone,2024/25,45,12,630,0,0,0,17,0,0,0
628,José Malheiro de Sá,2023/24,50,107,3037,0,1,4,58,8,1,0
628,José Malheiro de Sá,2024/25,45,93,2610,0,0,7,48,4,2,0
629,Daniel Bentley,2023/24,40,18,382,0,0,2,7,1,0,0
629,Daniel Bentley,2024/25,40,9,180,0,0,1,4,1,0,0
631,Emmanuel Agbadou,2024/25,40,45,1410,1,0,4,22,1,3,0
632,Matt Doherty,2023/24,45,41,1136,1,0,1,21,1,2,0
632,Matt Doherty,2024/25,45,75,2105,2,1,6,38,4,6,0
633,Hugo Bueno López,2023/24,45,29,727,0,0,2,16,0,1,0
633,Hugo Bueno López,2024/25,45,0,0,0,0,0,0,0,0,0
634,Yerson Mosquera Valdelamar,2023/24,40,0,0,0,0,0,0,0,0,0
634,Yerson Mosquera Valdelamar,2024/25,40,3,441,0,0,0,12,0,2,0
635,Rodrigo Martins Gomes,2024/25,55,42,794,2,0,1,20,0,0,0
636,Santiago Ignacio Bueno,2023/24,45,13,819,0,0,0,18,0,1,0
636,Santiago Ignacio Bueno,2024/25,45,52,1678,0,0,5,34,2,2,0
637,Toti Gomes,2023/24,45,82,2771,1,4,4,49,6,7,0
637,Toti Gomes,2024/25,45,79,2613,0,1,8,45,8,7,0
638,Ki-Jana Hoever,2023/24,40,0,0,0,0,0,0,0,0,0
638,Ki-Jana Hoever,2024/25,40,0,0,0,0,0,0,0,0,0
639,Bastien Meupiyou Menadjou,2024/25,40,0,0,0,0,0,0,0,0,0
640,Pedro Cardoso de Lima,2024/25,40,2,69,0,0,0,2,0,0,0
641,Alfie Pond,2024/25,40,1,1,0,0,0,0,0,0,0
642,Hwang Hee-chan,2023/24,55,125,2116,12,3,3,37,10,6,0
642,Hwang Hee-chan,2024/25,65,37,646,2,1,0,19,0,0,0
643,André Trindade da Costa Neto,2024/25,50,61,2472,0,0,7,46,1,7,0
644,Jean-Ricner Bellegarde,2023/24,50,45,948,2,2,0,24,1,0,1
644,Jean-Ricner Bellegarde,2024/25,50,90,1666,2,7,6,31,5,3,0
646,João Victor Gomes da Silva,2023/24,50,75,2646,2,2,4,51,3,11,0
646,João Victor Gomes da Silva,2024/25,50,87,2975,3,1,6,59,7,9,1
647,Gonçalo Manuel Ganchinho Guedes,2023/24,55,0,0,0,0,0,0,0,0,0
647,Gonçalo Manuel Ganchinho Guedes,2024/25,55,62,979,2,4,3,25,2,1,0
648,Marshall Munetsi,2024/25,50,50,1077,2,2,5,11,4,0,0
649,Boubacar Traoré,2023/24,45,25,802,0,0,0,23,0,4,0
649,Boubacar Traoré,2024/25,50,1,1,0,0,0,0,0,0,0
650,Tawanda Chirewa,2023/24,45,8,138,0,0,0,2,0,1,0
650,Tawanda Chirewa,2024/25,45,0,0,0,0,0,0,0,0,0
651,Tom Edozie,2024/25,45,0,0,0,0,0,0,0,0,0
652,Enso González Medina,2023/24,50,1,1,0,0,0,0,0,0,0
652,Enso González Medina,2024/25,45,0,0,0,0,0,0,0,0,0
653,Joe Hodge,2023/24,45,0,0,0,0,0,0,0,0,0
653,Joe Hodge,2024/25,45,0,0,0,0,0,0,0,0,0
654,Jørgen Strand Larsen,2024/25,55,145,2587,14,4,7,52,17,4,0
655,Fábio Soares Silva,2023/24,55,8,259,0,0,1,8,0,2,0
655,Fábio Soares Silva,2024/25,50,0,0,0,0,0,0,0,0,0
656,Saša Kalajdžić,2023/24,50,24,158,2,0,1,2,4,0,0
656,Saša Kalajdžić,2024/25,50,0,0,0,0,0,0,0,0,0
657,Leon Chiwome,2023/24,45,5,173,0,0,0,4,0,0,0
657,Leon Chiwome,2024/25,45,0,0,0,0,0,0,0,0,0
658,Nathan Fraser,2023/24,45,7,183,0,0,1,3,0,1,0
658,Nathan Fraser,2024/25,45,0,0,0,0,0,0,0,0,0
