Nombre,Apellido,team_name,Posicion,opponent_name,is_home,Precio,form,difficulty,valor,tendencia
Marcos,Senesi Barón,Bournemouth,Defender,Crystal Palace,False,49,8.4,1140,1.7142857142857142,0
Omar,Alderete,Sunderland,Defender,Wolves,True,41,7.0,1125,1.707317073170732,0
Marc,Guéhi,Crystal Palace,Defender,Bournemouth,True,48,7.4,1180,1.5416666666666667,0
Robin,Roefs,Sunderland,Goalkeeper,Wolves,True,46,6.2,1125,1.347826086956522,0
Jaidon,Anthony,Burnley,Midfielder,Leeds,True,57,7.6,1075,1.3333333333333333,0
Michael,Keane,Everton,Defender,Man City,False,45,5.8,1275,1.2888888888888888,0
Jurriën,Timber,Arsenal,Defender,Fulham,False,59,7.4,1125,1.2542372881355932,1
Ryan,Gravenberch,Liverpool,Midfielder,Man Utd,True,57,7.0,1125,1.2280701754385965,1
Adrien,Truffert,Bournemouth,Defender,Crystal Palace,False,45,5.4,1140,1.2000000000000002,0
Nordi,Mukiele,Sunderland,Defender,Wolves,True,40,4.8,1125,1.2,0
James,Garner,Everton,Midfielder,Man City,False,50,6.0,1275,1.2,0
Trevoh,Chalobah,Chelsea,Defender,Nott'm Forest,False,51,5.8,1165,1.1372549019607843,-1
Joe,Rodon,Leeds,Defender,Burnley,False,40,4.4,1050,1.1,0
Tino,Livramento,Newcastle,Defender,Brighton,False,51,5.6,1150,1.0980392156862746,0
Josh,Cullen,Burnley,Midfielder,Leeds,True,50,5.4,1075,1.08,0
Enzo,Fernández,Chelsea,Midfielder,Nott'm Forest,False,67,7.2,1165,1.0746268656716418,0
Bafodé,Diakité,Bournemouth,Defender,Crystal Palace,False,45,4.8,1140,1.0666666666666667,0
Chris,Richards,Crystal Palace,Defender,Bournemouth,True,45,4.8,1180,1.0666666666666667,0
Joachim,Andersen,Fulham,Defender,Arsenal,True,45,4.8,1325,1.0666666666666667,0
Moisés,Caicedo Corozo,Chelsea,Midfielder,Nott'm Forest,False,57,6.0,1165,1.0526315789473684,0
Granit,Xhaka,Sunderland,Midfielder,Wolves,True,50,5.2,1125,1.04,0
Sean,Longstaff,Leeds,Midfielder,Burnley,False,49,5.0,1050,1.0204081632653061,0
Maxence,Lacroix,Crystal Palace,Defender,Bournemouth,True,51,5.2,1180,1.019607843137255,0
João Maria,Lobo Alves Palhares Costa Palhinha Gonçalves,Spurs,Midfielder,Aston Villa,True,55,5.6,1250,1.018181818181818,0
Gabriel,dos Santos Magalhães,Arsenal,Defender,Fulham,False,63,6.4,1125,1.015873015873016,1
Micky,van de Ven,Spurs,Defender,Aston Villa,True,48,4.8,1250,1.0,0
El Hadji Malick,Diouf,West Ham,Defender,Brentford,True,44,4.4,1185,1.0,0
Tyrick,Mitchell,Crystal Palace,Defender,Bournemouth,True,50,5.0,1180,1.0,0
Nick,Pope,Newcastle,Goalkeeper,Brighton,False,51,5.0,1150,0.9803921568627452,0
Cristian,Romero,Spurs,Defender,Aston Villa,True,51,5.0,1250,0.9803921568627452,0
Đorđe,Petrović,Bournemouth,Goalkeeper,Crystal Palace,False,45,4.4,1140,0.9777777777777779,0
Anton,Stach,Leeds,Midfielder,Burnley,False,50,4.6,1050,0.9199999999999999,0
Jordan,Pickford,Everton,Goalkeeper,Man City,False,55,5.0,1275,0.9090909090909091,0
João Pedro,Junqueira de Jesus,Chelsea,Forward,Nott'm Forest,False,77,7.0,1165,0.9090909090909091,0
Guglielmo,Vicario,Spurs,Goalkeeper,Aston Villa,True,51,4.6,1250,0.9019607843137255,0
Dan,Burn,Newcastle,Defender,Brighton,False,51,4.6,1150,0.9019607843137255,1
Hjalmar,Ekdal,Burnley,Defender,Leeds,True,40,3.6,1075,0.9,0
Lucas,Tolentino Coelho de Lima,West Ham,Midfielder,Brentford,True,59,5.2,1185,0.8813559322033898,0
Martín,Zubimendi Ibáñez,Arsenal,Midfielder,Fulham,False,55,4.8,1125,0.8727272727272727,0
Yankuba,Minteh,Brighton,Midfielder,Newcastle,True,60,5.2,1245,0.8666666666666667,1
Iliman,Ndiaye,Everton,Midfielder,Man City,False,65,5.6,1275,0.8615384615384615,0
Trai,Hume,Sunderland,Defender,Wolves,True,45,3.8,1125,0.8444444444444444,0
James,Tarkowski,Everton,Defender,Man City,False,55,4.6,1275,0.8363636363636363,0
Antoine,Semenyo,Bournemouth,Midfielder,Crystal Palace,False,79,6.6,1140,0.8354430379746834,1
Nick,Woltemade,Newcastle,Forward,Brighton,False,72,6.0,1150,0.8333333333333333,1
Matty,Cash,Aston Villa,Defender,Spurs,False,46,3.8,1130,0.8260869565217391,0
Daniel,Muñoz Mejía,Crystal Palace,Defender,Bournemouth,True,56,4.6,1180,0.8214285714285714,0
Virgil,van Dijk,Liverpool,Defender,Man Utd,True,61,5.0,1125,0.819672131147541,0
Sven,Botman,Newcastle,Defender,Brighton,False,49,4.0,1150,0.8163265306122448,0
Riccardo,Calafiori,Arsenal,Defender,Fulham,False,57,4.6,1125,0.8070175438596491,0
Jarrod,Bowen,West Ham,Forward,Brentford,True,77,6.2,1185,0.8051948051948052,0
Martin,Dúbravka,Burnley,Goalkeeper,Leeds,True,40,3.2,1075,0.8,0
Ibrahima,Konaté,Liverpool,Defender,Man Utd,True,55,4.4,1125,0.8,0
Jordan,Henderson,Brentford,Midfielder,West Ham,False,50,4.0,1100,0.8,0
Quilindschy,Hartman,Burnley,Defender,Leeds,True,40,3.2,1075,0.8,0
Ismaïla,Sarr,Crystal Palace,Midfielder,Bournemouth,True,65,5.2,1180,0.8,1
Alex,Iwobi,Fulham,Midfielder,Arsenal,True,65,5.2,1325,0.8,0
Igor Thiago,Nascimento Rodrigues,Brentford,Forward,West Ham,False,61,4.8,1100,0.7868852459016393,1
Wilson,Isidor,Sunderland,Forward,Wolves,True,56,4.4,1125,0.7857142857142858,0
Dean,Henderson,Crystal Palace,Goalkeeper,Bournemouth,True,50,3.8,1180,0.76,0
Yehor,Yarmoliuk,Brentford,Midfielder,West Ham,False,50,3.8,1100,0.76,0
Jérémy,Doku,Man City,Midfielder,Everton,True,66,5.0,1115,0.7575757575757576,0
Tyrone,Mings,Aston Villa,Defender,Spurs,False,45,3.4,1130,0.7555555555555555,0
Caoimhín,Kelleher,Brentford,Goalkeeper,West Ham,False,45,3.4,1100,0.7555555555555555,0
Jack,Grealish,Everton,Midfielder,Man City,False,69,5.2,1275,0.7536231884057971,0
Idrissa Gana,Gueye,Everton,Midfielder,Man City,False,54,4.0,1275,0.7407407407407407,0
Dominik,Szoboszlai,Liverpool,Midfielder,Man Utd,True,65,4.8,1125,0.7384615384615384,0
Santiago,Ignacio Bueno,Wolves,Defender,Sunderland,False,44,3.2,1050,0.7272727272727273,0
Marcus,Tavernier,Bournemouth,Midfielder,Crystal Palace,False,55,4.0,1140,0.7272727272727273,0
Lyle,Foster,Burnley,Forward,Leeds,True,50,3.6,1075,0.72,0
Alex,Scott,Bournemouth,Midfielder,Crystal Palace,False,50,3.6,1140,0.72,0
Kiernan,Dewsbury-Hall,Everton,Midfielder,Man City,False,50,3.6,1275,0.72,0
Michael,Kayode,Brentford,Defender,West Ham,False,45,3.2,1100,0.7111111111111111,0
Calvin,Bassey,Fulham,Defender,Arsenal,True,45,3.2,1325,0.7111111111111111,0
Declan,Rice,Arsenal,Midfielder,Fulham,False,65,4.6,1125,0.7076923076923076,0
Enzo,Le Fée,Sunderland,Midfielder,Wolves,True,49,3.4,1125,0.693877551020408,0
Alisson,Becker,Liverpool,Goalkeeper,Man Utd,True,55,3.8,1125,0.6909090909090909,0
Pape Matar,Sarr,Spurs,Midfielder,Aston Villa,True,50,3.4,1250,0.6799999999999999,0
Erling,Haaland,Man City,Forward,Everton,True,145,9.8,1115,0.6758620689655173,1
Lucas,Bergvall,Spurs,Midfielder,Aston Villa,True,54,3.6,1250,0.6666666666666666,0
Djed,Spence,Spurs,Defender,Aston Villa,True,45,3.0,1250,0.6666666666666666,0
Pascal,Struijk,Leeds,Defender,Burnley,False,45,3.0,1050,0.6666666666666666,0
Sepp,van den Berg,Brentford,Defender,West Ham,False,45,3.0,1100,0.6666666666666666,0
Nathan,Collins,Brentford,Defender,West Ham,False,49,3.2,1100,0.6530612244897959,-1
Lamare,Bogarde,Aston Villa,Defender,Spurs,False,40,2.6,1130,0.65,0
Gabriel,Gudmundsson,Leeds,Defender,Burnley,False,40,2.6,1050,0.65,0
Maxime,Estève,Burnley,Defender,Leeds,True,40,2.6,1075,0.65,0
Emiliano,Buendía Stati,Aston Villa,Midfielder,Spurs,False,53,3.4,1130,0.6415094339622641,0
Jake,O'Brien,Everton,Defender,Man City,False,50,3.2,1275,0.64,0
Daichi,Kamada,Crystal Palace,Midfielder,Bournemouth,True,50,3.2,1180,0.64,0
Harry,Maguire,Man Utd,Defender,Liverpool,False,44,2.8,1335,0.6363636363636362,0
Dango,Ouattara,Brentford,Midfielder,West Ham,False,60,3.8,1100,0.6333333333333333,0
David,Raya Martín,Arsenal,Goalkeeper,Fulham,False,57,3.6,1125,0.631578947368421,1
Sandro,Tonali,Newcastle,Midfielder,Brighton,False,54,3.4,1150,0.6296296296296295,0
Jayden,Bogle,Leeds,Defender,Burnley,False,45,2.8,1050,0.6222222222222222,0
Lucas,Digne,Aston Villa,Defender,Spurs,False,45,2.8,1130,0.6222222222222222,0
Tijjani,Reijnders,Man City,Midfielder,Everton,True,58,3.6,1115,0.6206896551724138,0
Yasin,Ayari,Brighton,Midfielder,Newcastle,True,49,3.0,1245,0.6122448979591836,0
Nico,O'Reilly,Man City,Defender,Everton,True,49,3.0,1115,0.6122448979591836,0
Pedro,Porro Sauceda,Spurs,Defender,Aston Villa,True,56,3.4,1250,0.6071428571428572,0
Saša,Lukić,Fulham,Midfielder,Arsenal,True,50,3.0,1325,0.6,0
Bernd,Leno,Fulham,Goalkeeper,Arsenal,True,50,3.0,1325,0.6,0
Keane,Lewis-Potter,Brentford,Defender,West Ham,False,50,3.0,1100,0.6,0
Kieran,Trippier,Newcastle,Defender,Brighton,False,50,3.0,1150,0.6,0
Brajan,Gruda,Brighton,Midfielder,Newcastle,True,54,3.2,1245,0.5925925925925926,0
Konstantinos,Mavropanos,West Ham,Defender,Brentford,True,44,2.6,1185,0.5909090909090908,0
Mikkel,Damsgaard,Brentford,Midfielder,West Ham,False,58,3.4,1100,0.5862068965517241,0
Neco,Williams,Nott'm Forest,Defender,Chelsea,True,48,2.8,1245,0.5833333333333334,-1
Dominic,Calvert-Lewin,Leeds,Forward,Burnley,False,55,3.2,1050,0.5818181818181819,0
Emmanuel,Agbadou,Wolves,Defender,Sunderland,False,45,2.6,1050,0.5777777777777778,0
Kenny,Tete,Fulham,Defender,Arsenal,True,45,2.6,1325,0.5777777777777778,0
Matheus,Nunes,Man City,Defender,Everton,True,53,3.0,1115,0.5660377358490566,0
Mitoma,Kaoru,Brighton,Midfielder,Newcastle,True,64,3.6,1245,0.5625,0
Matthijs,de Ligt,Man Utd,Defender,Liverpool,False,50,2.8,1335,0.5599999999999999,0
Emiliano,Martínez Romero,Aston Villa,Goalkeeper,Spurs,False,50,2.8,1130,0.5599999999999999,0
Ladislav,Krejcí,Wolves,Defender,Sunderland,False,45,2.5,1050,0.5555555555555556,0
John,McGinn,Aston Villa,Midfielder,Spurs,False,54,3.0,1130,0.5555555555555555,0
Fabian,Schär,Newcastle,Defender,Brighton,False,54,3.0,1150,0.5555555555555555,0
Elliot,Anderson,Nott'm Forest,Midfielder,Chelsea,True,54,3.0,1245,0.5555555555555555,0
Maximilian,Kilman,West Ham,Defender,Brentford,True,44,2.4,1185,0.5454545454545454,0
Francisco Evanilson,de Lima Barbosa,Bournemouth,Forward,Crystal Palace,False,70,3.8,1140,0.5428571428571428,0
Florentino Ibrain,Morris Luís,Burnley,Midfielder,Leeds,True,50,2.6666666666666665,1075,0.5333333333333333,0
Lewis,Dunk,Brighton,Defender,Newcastle,True,45,2.4,1245,0.5333333333333333,0
Richarlison,de Andrade,Spurs,Forward,Aston Villa,True,68,3.6,1250,0.5294117647058824,0
Gianluigi,Donnarumma,Man City,Goalkeeper,Everton,True,57,3.0,1115,0.5263157894736842,1
Chemsdine,Talbi,Sunderland,Midfielder,Wolves,True,50,2.6,1125,0.52,0
Adam,Wharton,Crystal Palace,Midfielder,Bournemouth,True,50,2.6,1180,0.52,0
Ryan,Sessegnon,Fulham,Midfielder,Arsenal,True,54,2.8,1325,0.5185185185185185,0
Bruno,Borges Fernandes,Man Utd,Midfielder,Liverpool,False,90,4.6,1335,0.5111111111111111,0
Callum,Hudson-Odoi,Nott'm Forest,Midfielder,Chelsea,True,59,3.0,1245,0.5084745762711864,-1
Danny,Welbeck,Brighton,Forward,Newcastle,True,63,3.2,1245,0.507936507936508,0
Mohammed,Kudus,Spurs,Midfielder,Aston Villa,True,67,3.4,1250,0.5074626865671642,0
Cody,Gakpo,Liverpool,Midfielder,Man Utd,True,75,3.8,1125,0.5066666666666666,0
Viktor,Gyökeres,Arsenal,Forward,Fulham,False,91,4.6,1125,0.5054945054945055,1
Maxim,De Cuyper,Brighton,Defender,Newcastle,True,44,2.2,1245,0.5,0
Tosin,Adarabioyo,Chelsea,Defender,Nott'm Forest,False,44,2.2,1165,0.5,0
Harry,Wilson,Fulham,Midfielder,Arsenal,True,53,2.6,1325,0.4905660377358491,0
Sander,Berge,Fulham,Midfielder,Arsenal,True,49,2.4,1325,0.48979591836734687,-1
Ezri,Konsa Ngoyo,Aston Villa,Defender,Spurs,False,45,2.2,1130,0.48888888888888893,0
Jacob,Murphy,Newcastle,Midfielder,Brighton,False,62,3.0,1150,0.48387096774193544,0
Hugo,Ekitiké,Liverpool,Forward,Man Utd,True,87,4.2,1125,0.48275862068965525,0
Brenden,Aaronson,Leeds,Midfielder,Burnley,False,54,2.6,1050,0.48148148148148145,0
David,Brooks,Bournemouth,Midfielder,Crystal Palace,False,50,2.4,1140,0.48,0
Tyler,Adams,Bournemouth,Midfielder,Crystal Palace,False,50,2.4,1140,0.48,0
Crysencio,Summerville,West Ham,Midfielder,Brentford,True,55,2.6,1185,0.4727272727272727,0
Noah,Okafor,Leeds,Midfielder,Burnley,False,55,2.6,1050,0.4727272727272727,0
Bryan,Mbeumo,Man Utd,Midfielder,Liverpool,False,81,3.8,1335,0.4691358024691358,0
Kevin,Schade,Brentford,Midfielder,West Ham,False,70,3.2,1100,0.4571428571428572,0
Kyle,Walker-Peters,West Ham,Defender,Brentford,True,44,2.0,1185,0.45454545454545453,0
Jean-Philippe,Mateta,Crystal Palace,Forward,Bournemouth,True,75,3.4,1180,0.4533333333333333,0
Norberto Bercique,Gomes Betuncal,Everton,Forward,Man City,False,53,2.4,1275,0.4528301886792453,-1
James,Hill,Bournemouth,Defender,Crystal Palace,False,40,1.8,1140,0.45,0
Loum,Tchaouna,Burnley,Midfielder,Leeds,True,49,2.2,1075,0.4489795918367347,0
Malick,Thiaw,Newcastle,Defender,Brighton,False,49,2.2,1150,0.4489795918367347,0
Leny,Yoro,Man Utd,Defender,Liverpool,False,45,2.0,1335,0.4444444444444444,0
Cristhian,Mosquera,Arsenal,Defender,Fulham,False,54,2.4,1125,0.4444444444444444,0
João Victor,Gomes da Silva,Wolves,Midfielder,Sunderland,False,54,2.4,1050,0.4444444444444444,0
Marshall,Munetsi,Wolves,Midfielder,Sunderland,False,54,2.4,1050,0.4444444444444444,0
Mikel,Merino Zazón,Arsenal,Midfielder,Fulham,False,59,2.6,1125,0.4406779661016949,0
Rúben,dos Santos Gato Alves Dias,Man City,Defender,Everton,True,55,2.4,1115,0.43636363636363634,0
Dan,Ndoye,Nott'm Forest,Midfielder,Chelsea,True,60,2.6,1245,0.43333333333333335,0
Pedro,Lomba Neto,Chelsea,Midfielder,Nott'm Forest,False,70,3.0,1165,0.42857142857142855,0
Phil,Foden,Man City,Midfielder,Everton,True,81,3.4,1115,0.4197530864197531,0
Joško,Gvardiol,Man City,Defender,Everton,True,58,2.4,1115,0.41379310344827586,0
Milos,Kerkez,Liverpool,Defender,Man Utd,True,58,2.4,1125,0.41379310344827586,-1
Mateus Gonçalo,Espanha Fernandes,West Ham,Midfielder,Brentford,True,55,2.25,1185,0.4090909090909091,0
Jan Paul,van Hecke,Brighton,Defender,Newcastle,True,44,1.8,1245,0.40909090909090906,0
Kyle,Walker,Burnley,Defender,Leeds,True,44,1.8,1075,0.40909090909090906,-1
Hannibal,Mejbri,Burnley,Midfielder,Leeds,True,49,2.0,1075,0.4081632653061224,0
Matz,Sels,Nott'm Forest,Goalkeeper,Chelsea,True,49,2.0,1245,0.4081632653061224,0
Morgan,Rogers,Aston Villa,Midfielder,Spurs,False,69,2.8,1130,0.40579710144927533,0
Noah,Sadiki,Sunderland,Midfielder,Wolves,True,50,2.0,1125,0.4,0
Reinildo,Mandava,Sunderland,Defender,Wolves,True,40,1.6,1125,0.4,0
Karl,Darlow,Leeds,Goalkeeper,Burnley,False,40,1.6,1050,0.4,0
Rodrigo,Martins Gomes,Wolves,Defender,Sunderland,False,45,1.8,1050,0.4,0
Bruno,Guimarães Rodriguez Moura,Newcastle,Midfielder,Brighton,False,65,2.6,1150,0.4,0
Marc,Cucurella Saseta,Chelsea,Defender,Nott'm Forest,False,61,2.4,1165,0.39344262295081966,0
Jhon,Arias,Wolves,Midfielder,Sunderland,False,52,2.0,1050,0.3846153846153846,0
Xavi,Simons,Spurs,Midfielder,Aston Villa,True,70,2.6666666666666665,1250,0.38095238095238093,-1
Brennan,Johnson,Spurs,Midfielder,Aston Villa,True,69,2.6,1250,0.37681159420289856,0
Hwang,Hee-chan,Wolves,Midfielder,Sunderland,False,59,2.2,1050,0.3728813559322034,0
Abdukodir,Khusanov,Man City,Defender,Everton,True,54,2.0,1115,0.37037037037037035,0
André,Trindade da Costa Neto,Wolves,Midfielder,Sunderland,False,54,2.0,1050,0.37037037037037035,0
Reece,James,Chelsea,Defender,Nott'm Forest,False,54,2.0,1165,0.37037037037037035,0
Estêvão,Almeida de Oliveira Gonçalves,Chelsea,Midfielder,Nott'm Forest,False,65,2.4,1165,0.3692307692307692,0
Ollie,Watkins,Aston Villa,Forward,Spurs,False,87,3.2,1130,0.36781609195402304,0
Malo,Gusto,Chelsea,Defender,Nott'm Forest,False,49,1.8,1165,0.36734693877551017,0
Ethan,Ampadu,Leeds,Midfielder,Burnley,False,49,1.8,1050,0.36734693877551017,0
Will,Hughes,Crystal Palace,Midfielder,Bournemouth,True,49,1.8,1180,0.36734693877551017,0
Robert,Lynch Sánchez,Chelsea,Goalkeeper,Nott'm Forest,False,49,1.8,1165,0.36734693877551017,0
Fábio,Freitas Gouveia Carvalho,Brentford,Midfielder,West Ham,False,49,1.8,1100,0.36734693877551017,0
Noussair,Mazraoui,Man Utd,Defender,Liverpool,False,49,1.8,1335,0.36734693877551017,0
Mathias,Jensen,Brentford,Midfielder,West Ham,False,49,1.8,1100,0.36734693877551017,0
Bart,Verbruggen,Brighton,Goalkeeper,Newcastle,True,44,1.6,1245,0.36363636363636365,0
Hugo,Bueno López,Wolves,Defender,Sunderland,False,44,1.6,1050,0.36363636363636365,0
William,Osula,Newcastle,Forward,Brighton,False,55,2.0,1150,0.36363636363636365,0
Altay,Bayındır,Man Utd,Goalkeeper,Liverpool,False,50,1.8,1335,0.36,0
Ibrahim,Sangaré,Nott'm Forest,Midfielder,Chelsea,True,50,1.8,1245,0.36,0
Benjamin,Sesko,Man Utd,Forward,Liverpool,False,73,2.6,1335,0.35616438356164387,0
Mads,Hermansen,West Ham,Goalkeeper,Brentford,True,45,1.6,1185,0.35555555555555557,0
Patrick,Dorgu,Man Utd,Defender,Liverpool,False,45,1.6,1335,0.35555555555555557,0
Rio,Ngumoha,Liverpool,Midfielder,Man Utd,True,45,1.6,1125,0.35555555555555557,0
Eli Junior,Kroupi,Bournemouth,Forward,Crystal Palace,False,45,1.6,1140,0.35555555555555557,0
Bernardo,Mota Veiga de Carvalho e Silva,Man City,Midfielder,Everton,True,63,2.2,1115,0.34920634920634924,-1
Gabriel,Martinelli Silva,Arsenal,Midfielder,Fulham,False,69,2.4,1125,0.34782608695652173,0
Emile,Smith Rowe,Fulham,Midfielder,Arsenal,True,58,2.0,1325,0.3448275862068966,0
Eberechi,Eze,Arsenal,Midfielder,Fulham,False,76,2.6,1125,0.34210526315789475,0
Jacob,Bruun Larsen,Burnley,Midfielder,Leeds,True,53,1.8,1075,0.339622641509434,0
Lewis,Hall,Newcastle,Defender,Brighton,False,53,1.8,1150,0.339622641509434,0
Rodrigo,Bentancur,Spurs,Midfielder,Aston Villa,True,53,1.8,1250,0.339622641509434,-1
Yéremy,Pino Santos,Crystal Palace,Midfielder,Bournemouth,True,59,2.0,1180,0.3389830508474576,0
Callum,Wilson,West Ham,Forward,Brentford,True,59,2.0,1185,0.3389830508474576,0
Habib,Diarra,Sunderland,Midfielder,Wolves,True,54,1.8,1125,0.3333333333333333,0
William,Saliba,Arsenal,Defender,Fulham,False,60,2.0,1125,0.3333333333333333,0
Mohamed,Salah,Liverpool,Midfielder,Man Utd,True,144,4.8,1125,0.3333333333333333,-1
Carlos Henrique,Casimiro,Man Utd,Midfielder,Liverpool,False,55,1.8,1335,0.32727272727272727,0
Boubacar,Kamara,Aston Villa,Midfielder,Spurs,False,49,1.6,1130,0.32653061224489793,0
Manuel,Ugarte Ribeiro,Man Utd,Midfielder,Liverpool,False,49,1.6,1335,0.32653061224489793,0
Raúl,Jiménez Rodríguez,Fulham,Forward,Arsenal,True,62,2.0,1325,0.3225806451612903,-1
James,Milner,Brighton,Midfielder,Newcastle,True,50,1.6,1245,0.32,0
Ferdi,Kadıoğlu,Brighton,Defender,Newcastle,True,44,1.4,1245,0.3181818181818181,0
Joël,Veltman,Brighton,Defender,Newcastle,True,44,1.4,1245,0.3181818181818181,0
Adam,Smith,Bournemouth,Defender,Crystal Palace,False,44,1.4,1140,0.3181818181818181,0
Amad,Diallo,Man Utd,Midfielder,Liverpool,False,63,2.0,1335,0.31746031746031744,0
Georginio,Rutter,Brighton,Midfielder,Newcastle,True,57,1.8,1245,0.3157894736842105,-1
Rodrigo 'Rodri',Hernandez Cascante,Man City,Midfielder,Everton,True,64,2.0,1115,0.3125,0
Luke,Shaw,Man Utd,Defender,Liverpool,False,45,1.4,1335,0.3111111111111111,0
Josh,King,Fulham,Midfielder,Arsenal,True,45,1.4,1325,0.3111111111111111,0
James,Ward-Prowse,West Ham,Midfielder,Brentford,True,58,1.8,1185,0.3103448275862069,0
Tolu,Arokodare,Wolves,Forward,Sunderland,False,55,1.6666666666666667,1050,0.30303030303030304,0
Curtis,Jones,Liverpool,Midfielder,Man Utd,True,54,1.6,1125,0.2962962962962963,0
Veljko,Milosavljevic,Bournemouth,Defender,Crystal Palace,False,45,1.3333333333333333,1140,0.2962962962962963,0
Rodrigo,Muniz Carvalho,Fulham,Forward,Arsenal,True,55,1.6,1325,0.29090909090909095,0
Josh,Laurent,Burnley,Midfielder,Leeds,True,49,1.4,1075,0.2857142857142857,0
Mats,Wieffer,Brighton,Midfielder,Newcastle,True,49,1.4,1245,0.2857142857142857,0
Ryan,Christie,Bournemouth,Midfielder,Crystal Palace,False,50,1.4,1140,0.27999999999999997,0
Kristoffer,Ajer,Brentford,Defender,West Ham,False,44,1.2,1100,0.2727272727272727,0
Diogo,Dalot Teixeira,Man Utd,Defender,Liverpool,False,44,1.2,1335,0.2727272727272727,0
Joelinton Cássio,Apolinário de Lira,Newcastle,Midfielder,Brighton,False,59,1.6,1150,0.2711864406779661,0
Lucas Estella,Perri,Leeds,Goalkeeper,Burnley,False,45,1.2,1050,0.26666666666666666,0
Justin,Devenny,Crystal Palace,Midfielder,Bournemouth,True,45,1.2,1180,0.26666666666666666,0
Nikola,Milenković,Nott'm Forest,Defender,Chelsea,True,53,1.4,1245,0.2641509433962264,-1
Noni,Madueke,Arsenal,Midfielder,Fulham,False,69,1.8,1125,0.2608695652173913,0
Leandro,Trossard,Arsenal,Midfielder,Fulham,False,69,1.8,1125,0.2608695652173913,0
Evann,Guessand,Aston Villa,Midfielder,Spurs,False,63,1.6,1130,0.253968253968254,0
Alexis,Mac Allister,Liverpool,Midfielder,Man Utd,True,63,1.6,1125,0.253968253968254,0
Harvey,Barnes,Newcastle,Midfielder,Brighton,False,64,1.6,1150,0.25,-1
Federico,Chiesa,Liverpool,Midfielder,Man Utd,True,64,1.6,1125,0.25,0
Florian,Wirtz,Liverpool,Midfielder,Man Utd,True,81,2.0,1125,0.2469135802469136,-1
Jefferson,Lerma Solís,Crystal Palace,Midfielder,Bournemouth,True,49,1.2,1180,0.24489795918367344,0
Ilia,Gruev,Leeds,Midfielder,Burnley,False,49,1.2,1050,0.24489795918367344,0
Chris,Wood,Nott'm Forest,Forward,Chelsea,True,74,1.8,1245,0.24324324324324323,0
Morgan,Gibbs-White,Nott'm Forest,Midfielder,Chelsea,True,74,1.8,1245,0.24324324324324323,0
Lukas,Nmecha,Leeds,Forward,Burnley,False,50,1.2,1050,0.24,0
Frank,Onyeka,Brentford,Midfielder,West Ham,False,50,1.2,1100,0.24,0
Donyell,Malen,Aston Villa,Midfielder,Spurs,False,51,1.2,1130,0.23529411764705882,0
David,Møller Wolfe,Wolves,Defender,Sunderland,False,44,1.0,1050,0.22727272727272727,0
Toti,Gomes,Wolves,Defender,Sunderland,False,44,1.0,1050,0.22727272727272727,0
José,Malheiro de Sá,Wolves,Goalkeeper,Sunderland,False,44,1.0,1050,0.22727272727272727,0
Timothy,Castagne,Fulham,Defender,Arsenal,True,44,1.0,1325,0.22727272727272727,0
Destiny,Udogie,Spurs,Defender,Aston Villa,True,44,1.0,1250,0.22727272727272727,0
Lewis,Miley,Newcastle,Midfielder,Brighton,False,44,1.0,1150,0.22727272727272727,0
Wilson,Odobert,Spurs,Midfielder,Aston Villa,True,53,1.2,1250,0.22641509433962265,0
Simon,Adingra,Sunderland,Midfielder,Wolves,True,53,1.2,1125,0.22641509433962265,0
Max,Dowman,Arsenal,Midfielder,Fulham,False,45,1.0,1125,0.2222222222222222,0
Sam,Johnstone,Wolves,Goalkeeper,Sunderland,False,45,1.0,1050,0.2222222222222222,0
Jackson,Tchatchoua,Wolves,Defender,Sunderland,False,45,1.0,1050,0.2222222222222222,0
Dilane,Bakwa,Nott'm Forest,Midfielder,Chelsea,True,60,1.3333333333333333,1245,0.2222222222222222,0
Lutsharel,Geertruida,Sunderland,Defender,Wolves,True,45,1.0,1125,0.2222222222222222,0
Oscar,Bobb,Man City,Midfielder,Everton,True,55,1.2,1115,0.21818181818181817,0
Niclas,Füllkrug,West Ham,Forward,Brentford,True,57,1.2,1185,0.21052631578947367,0
Thierno,Barry,Everton,Forward,Man City,False,57,1.2,1275,0.21052631578947367,-1
Carlos,Baleba,Brighton,Midfielder,Newcastle,True,48,1.0,1245,0.20833333333333334,0
Diego,Gómez Amarilla,Brighton,Midfielder,Newcastle,True,49,1.0,1245,0.2040816326530612,0
Tim,Iroegbunam,Everton,Midfielder,Man City,False,49,1.0,1275,0.2040816326530612,0
Mason,Mount,Man Utd,Midfielder,Liverpool,False,59,1.2,1335,0.20338983050847456,0
Douglas Luiz,Soares de Paulo,Nott'm Forest,Midfielder,Chelsea,True,50,1.0,1245,0.2,0
Aaron,Hickey,Brentford,Defender,West Ham,False,40,0.8,1100,0.2,0
Lesley,Ugochukwu,Burnley,Midfielder,Leeds,True,50,1.0,1075,0.2,0
Omar,Marmoush,Man City,Midfielder,Everton,True,83,1.6,1115,0.19277108433734938,0
Jean-Ricner,Bellegarde,Wolves,Midfielder,Sunderland,False,53,1.0,1050,0.18867924528301888,0
Fer,López González,Wolves,Midfielder,Sunderland,False,53,1.0,1050,0.18867924528301888,0
Ethan,Nwaneri,Arsenal,Midfielder,Fulham,False,53,1.0,1125,0.18867924528301888,0
Alphonse,Areola,West Ham,Goalkeeper,Brentford,True,43,0.8,1185,0.186046511627907,0
Murillo,Costa dos Santos,Nott'm Forest,Defender,Chelsea,True,54,1.0,1245,0.18518518518518517,0
Eddie,Nketiah,Crystal Palace,Forward,Bournemouth,True,54,1.0,1180,0.18518518518518517,0
Bukayo,Saka,Arsenal,Midfielder,Fulham,False,99,1.8,1125,0.18181818181818182,1
Felipe,Rodrigues da Silva,Nott'm Forest,Defender,Chelsea,True,44,0.8,1245,0.18181818181818182,0
Pau,Torres,Aston Villa,Defender,Spurs,False,44,0.8,1130,0.18181818181818182,0
Amine,Adli,Bournemouth,Midfielder,Crystal Palace,False,55,1.0,1140,0.18181818181818182,0
Eliezer,Mayenda Dossou,Sunderland,Forward,Wolves,True,55,1.0,1125,0.18181818181818182,0
Andrey,Nascimento dos Santos,Chelsea,Midfielder,Nott'm Forest,False,45,0.8,1165,0.17777777777777778,0
Martin,Ødegaard,Arsenal,Midfielder,Fulham,False,79,1.4,1125,0.1772151898734177,0
Anthony,Elanga,Newcastle,Midfielder,Brighton,False,68,1.2,1150,0.17647058823529413,-1
Nico,González Iglesias,Man City,Midfielder,Everton,True,59,1.0,1115,0.1694915254237288,0
Jeremie,Frimpong,Liverpool,Defender,Man Utd,True,59,1.0,1125,0.1694915254237288,0
Youri,Tielemans,Aston Villa,Midfielder,Spurs,False,59,1.0,1130,0.1694915254237288,0
James,Trafford,Man City,Goalkeeper,Everton,True,48,0.8,1115,0.16666666666666669,0
Kobbie,Mainoo,Man Utd,Midfielder,Liverpool,False,48,0.8,1335,0.16666666666666669,0
Arnaud,Kalimuendo,Nott'm Forest,Forward,Chelsea,True,60,1.0,1245,0.16666666666666666,0
Oleksandr,Zinchenko,Nott'm Forest,Defender,Chelsea,True,49,0.8,1245,0.16326530612244897,0
Joe,Willock,Newcastle,Midfielder,Brighton,False,50,0.8,1150,0.16,0
Mathys,Tel,Spurs,Midfielder,Aston Villa,True,63,1.0,1250,0.15873015873015872,0
Jørgen,Strand Larsen,Wolves,Forward,Sunderland,False,64,1.0,1050,0.15625,0
Cole,Palmer,Chelsea,Midfielder,Nott'm Forest,False,103,1.6,1165,0.1553398058252427,0
Joe,Worrall,Burnley,Defender,Leeds,True,39,0.6,1075,0.15384615384615385,0
Jack,Harrison,Leeds,Midfielder,Burnley,False,52,0.8,1050,0.15384615384615385,-1
Jack,Hinshelwood,Brighton,Midfielder,Newcastle,True,52,0.8,1245,0.15384615384615385,0
Adama,Traoré Diarra,Fulham,Midfielder,Arsenal,True,53,0.8,1325,0.15094339622641512,0
James,McAtee,Nott'm Forest,Midfielder,Chelsea,True,53,0.8,1245,0.15094339622641512,0
Daniel,James,Leeds,Midfielder,Burnley,False,53,0.8,1050,0.15094339622641512,0
Matheus,Santos Carneiro da Cunha,Man Utd,Midfielder,Liverpool,False,80,1.2,1335,0.15,0
Nathan,Aké,Man City,Defender,Everton,True,54,0.8,1115,0.14814814814814814,0
Victor,Lindelöf,Aston Villa,Defender,Spurs,False,45,0.6666666666666666,1130,0.14814814814814814,0
Harvey,Elliott,Aston Villa,Midfielder,Spurs,False,54,0.8,1130,0.14814814814814814,0
Justin,Kluivert,Bournemouth,Midfielder,Crystal Palace,False,70,1.0,1140,0.14285714285714285,0
Igor Jesus,Maciel da Cruz,Nott'm Forest,Forward,Chelsea,True,58,0.8,1245,0.13793103448275862,0
Wesley,Fofana,Chelsea,Defender,Nott'm Forest,False,44,0.6,1165,0.13636363636363635,0
Rico,Henry,Brentford,Defender,West Ham,False,44,0.6,1100,0.13636363636363635,0
Yerson,Mosquera Valdelamar,Wolves,Defender,Sunderland,False,44,0.6,1050,0.13636363636363635,0
Andy,Irving,West Ham,Midfielder,Brentford,True,44,0.6,1185,0.13636363636363635,0
Soungoutou,Magassa,West Ham,Midfielder,Brentford,True,50,0.6666666666666666,1185,0.13333333333333333,0
Daniel,Ballard,Sunderland,Defender,Wolves,True,46,0.6,1125,0.13043478260869565,0
James,Justin,Leeds,Defender,Burnley,False,40,0.5,1050,0.125,0
Chris,Rigg,Sunderland,Midfielder,Wolves,True,48,0.6,1125,0.125,0
Vitalii,Mykolenko,Everton,Defender,Man City,False,49,0.6,1275,0.12244897959183672,0
Luis Guilherme,Lira dos Santos,West Ham,Midfielder,Brentford,True,49,0.6,1185,0.12244897959183672,0
Tyrique,George,Chelsea,Midfielder,Nott'm Forest,False,49,0.6,1165,0.12244897959183672,0
Tanaka,Ao,Leeds,Midfielder,Burnley,False,49,0.6,1050,0.12244897959183672,0
Brian,Brobbey,Sunderland,Forward,Wolves,True,55,0.6666666666666666,1125,0.1212121212121212,0
Rico,Lewis,Man City,Defender,Everton,True,50,0.6,1115,0.12,0
Antonee,Robinson,Fulham,Defender,Arsenal,True,50,0.6,1325,0.12,0
Conor,Bradley,Liverpool,Defender,Man Utd,True,50,0.6,1125,0.12,0
Sávio,Moreira de Oliveira,Man City,Midfielder,Everton,True,69,0.8,1115,0.11594202898550725,0
Myles,Lewis-Skelly,Arsenal,Defender,Fulham,False,52,0.6,1125,0.11538461538461538,-1
Wilfried,Gnonto,Leeds,Midfielder,Burnley,False,52,0.6,1050,0.11538461538461538,0
Carlos,Alcaraz Durán,Everton,Midfielder,Man City,False,53,0.6,1275,0.11320754716981132,0
Kevin,Santos Lopes de Macedo,Fulham,Midfielder,Arsenal,True,60,0.6666666666666666,1325,0.1111111111111111,0
John,Stones,Man City,Defender,Everton,True,55,0.6,1115,0.10909090909090909,0
Omari,Hutchinson,Nott'm Forest,Midfielder,Chelsea,True,55,0.6,1245,0.10909090909090909,0
Tomáš,Souček,West Ham,Midfielder,Brentford,True,57,0.6,1185,0.10526315789473684,0
Joshua,Zirkzee,Man Utd,Forward,Liverpool,False,58,0.6,1335,0.10344827586206896,-1
Oliver,Sonne,Burnley,Defender,Leeds,True,40,0.4,1075,0.1,0
Liam,Delap,Chelsea,Forward,Nott'm Forest,False,62,0.6,1165,0.0967741935483871,0
Jamie,Bynoe-Gittens,Chelsea,Midfielder,Nott'm Forest,False,62,0.6,1165,0.0967741935483871,0
Ian,Maatsen,Aston Villa,Defender,Spurs,False,43,0.4,1130,0.0930232558139535,0
Marc,Guiu Paz,Chelsea,Forward,Nott'm Forest,False,43,0.4,1165,0.0930232558139535,0
Kevin,Danso,Spurs,Defender,Aston Villa,True,43,0.4,1250,0.0930232558139535,0
Diego,Coppola,Brighton,Defender,Newcastle,True,44,0.4,1245,0.09090909090909091,0
Nayef,Aguerd,West Ham,Defender,Brentford,True,44,0.4,1185,0.09090909090909091,0
Freddie,Potts,West Ham,Midfielder,Brentford,True,44,0.4,1185,0.09090909090909091,0
Tyler,Dibling,Everton,Midfielder,Man City,False,55,0.5,1275,0.09090909090909091,0
Ryan,Yates,Nott'm Forest,Midfielder,Chelsea,True,48,0.4,1245,0.08333333333333334,0
Jorrel,Hato,Chelsea,Defender,Nott'm Forest,False,48,0.4,1165,0.08333333333333334,0
Ola,Aina,Nott'm Forest,Defender,Chelsea,True,48,0.4,1245,0.08333333333333334,0
Tom,Cairney,Fulham,Midfielder,Arsenal,True,49,0.4,1325,0.08163265306122448,0
Vitaly,Janelt,Brentford,Midfielder,West Ham,False,49,0.4,1100,0.08163265306122448,0
Armando,Broja,Burnley,Forward,Leeds,True,53,0.4,1075,0.07547169811320756,0
Zian,Flemming,Burnley,Forward,Leeds,True,53,0.4,1075,0.07547169811320756,0
Jacob,Ramsey,Newcastle,Midfielder,Brighton,False,53,0.4,1150,0.07547169811320756,0
Stefanos,Tzimas,Brighton,Forward,Newcastle,True,53,0.4,1245,0.07547169811320756,-1
Matt,O'Riley,Brighton,Midfielder,Newcastle,True,55,0.4,1245,0.07272727272727274,0
Merlin,Röhl,Everton,Midfielder,Man City,False,50,0.3333333333333333,1275,0.06666666666666667,0
Samuel,Chukwueze,Fulham,Midfielder,Arsenal,True,54,0.3333333333333333,1325,0.061728395061728385,0
Christantus,Uche,Crystal Palace,Forward,Bournemouth,True,55,0.3333333333333333,1180,0.0606060606060606,0
Bertrand,Traoré,Sunderland,Midfielder,Wolves,True,55,0.3333333333333333,1125,0.0606060606060606,0
Alexander,Isak,Liverpool,Forward,Man Utd,True,106,0.6,1125,0.05660377358490566,0
Ayden,Heaven,Man Utd,Defender,Liverpool,False,39,0.2,1335,0.05128205128205129,0
Nathaniel,Clyne,Crystal Palace,Defender,Bournemouth,True,39,0.2,1180,0.05128205128205129,0
Sam,Byram,Leeds,Defender,Burnley,False,39,0.2,1050,0.05128205128205129,0
Julio,Soler Barreto,Bournemouth,Defender,Crystal Palace,False,40,0.2,1140,0.05,0
Jenson,Seelt,Sunderland,Defender,Wolves,True,40,0.2,1125,0.05,0
Ki-Jana,Hoever,Wolves,Defender,Sunderland,False,40,0.2,1050,0.05,0
Arthur,Masuaku,Sunderland,Defender,Wolves,True,40,0.2,1125,0.05,0
Jamaal,Lascelles,Newcastle,Defender,Brighton,False,44,0.2,1150,0.045454545454545456,0
Jorge,Cuenca Barreno,Fulham,Defender,Arsenal,True,44,0.2,1325,0.045454545454545456,0
Matt,Doherty,Wolves,Defender,Sunderland,False,44,0.2,1050,0.045454545454545456,0
Séamus,Coleman,Everton,Defender,Man City,False,44,0.2,1275,0.045454545454545456,0
Filip,Jörgensen,Chelsea,Goalkeeper,Nott'm Forest,False,44,0.2,1165,0.045454545454545456,0
Bradley,Burrowes,Aston Villa,Midfielder,Spurs,False,45,0.2,1130,0.044444444444444446,0
Harrison,Armstrong,Everton,Midfielder,Man City,False,45,0.2,1275,0.044444444444444446,0
Igor Julio,dos Santos de Paulo,West Ham,Defender,Brentford,True,45,0.2,1185,0.044444444444444446,0
Dan,Neil,Sunderland,Midfielder,Wolves,True,48,0.2,1125,0.04166666666666667,-1
Facundo,Buonanotte,Chelsea,Midfielder,Nott'm Forest,False,48,0.2,1165,0.04166666666666667,0
Romain,Esse,Crystal Palace,Midfielder,Bournemouth,True,48,0.2,1180,0.04166666666666667,0
Amadou,Onana,Aston Villa,Midfielder,Spurs,False,48,0.2,1130,0.04166666666666667,-1
Archie,Gray,Spurs,Midfielder,Aston Villa,True,48,0.2,1250,0.04166666666666667,-1
Endo,Wataru,Liverpool,Midfielder,Man Utd,True,49,0.2,1125,0.04081632653061224,0
Ben,Gannon-Doak,Bournemouth,Midfielder,Crystal Palace,False,49,0.2,1140,0.04081632653061224,0
Lewis,Cook,Bournemouth,Midfielder,Crystal Palace,False,49,0.2,1140,0.04081632653061224,0
Saša,Kalajdžić,Wolves,Forward,Sunderland,False,49,0.2,1050,0.04081632653061224,0
Roméo,Lavia,Chelsea,Midfielder,Nott'm Forest,False,49,0.2,1165,0.04081632653061224,0
Odsonne,Édouard,Crystal Palace,Forward,Bournemouth,True,50,0.2,1180,0.04,0
Joe,Gomez,Liverpool,Defender,Man Utd,True,50,0.2,1125,0.04,0
Joël,Piroe,Leeds,Forward,Burnley,False,52,0.2,1050,0.038461538461538464,0
Patrick,Roberts,Sunderland,Midfielder,Wolves,True,54,0.2,1125,0.037037037037037035,0
Dwight,McNeil,Everton,Midfielder,Man City,False,56,0.2,1275,0.03571428571428572,0
Rayan,Aït-Nouri,Man City,Defender,Everton,True,58,0.2,1115,0.034482758620689655,0
Andrew,Robertson,Liverpool,Defender,Man Utd,True,58,0.2,1125,0.034482758620689655,0
Jadon,Sancho,Aston Villa,Midfielder,Spurs,False,59,0.2,1130,0.03389830508474576,0
Rayan,Cherki,Man City,Midfielder,Everton,True,63,0.2,1115,0.03174603174603175,0
Alejandro,Garnacho Ferreyra,Chelsea,Midfielder,Nott'm Forest,False,64,0.2,1165,0.03125,0
Dominic,Solanke-Mitchell,Spurs,Forward,Aston Villa,True,72,0.2,1250,0.02777777777777778,0
Anthony,Gordon,Newcastle,Midfielder,Brighton,False,74,0.2,1150,0.02702702702702703,0
Jaka,Bijol,Leeds,Defender,Burnley,False,39,0.0,1050,0.0,0
Alex,Cairns,Leeds,Goalkeeper,Burnley,False,40,0.0,1050,0.0,0
Illan,Meslier,Leeds,Goalkeeper,Burnley,False,44,0.0,1050,0.0,0
Jonah,Kusi-Asare,Fulham,Forward,Arsenal,True,45,0.0,1325,0.0,0
Benjamin,Lecomte,Fulham,Goalkeeper,Arsenal,True,40,0.0,1325,0.0,0
Harrison,Reed,Fulham,Midfielder,Arsenal,True,44,0.0,1325,0.0,0
Luke,Harris,Fulham,Midfielder,Arsenal,True,45,0.0,1325,0.0,0
Martial,Godo,Fulham,Midfielder,Arsenal,True,45,0.0,1325,0.0,0
Andreas,Hoelgebaum Pereira,Fulham,Midfielder,Arsenal,True,53,0.0,1325,0.0,0
Reece,Welch,Everton,Defender,Man City,False,39,0.0,1275,0.0,0
Roman,Dixon,Everton,Defender,Man City,False,39,0.0,1275,0.0,0
Nathan,Patterson,Everton,Defender,Man City,False,44,0.0,1275,0.0,0
Jarrad,Branthwaite,Everton,Defender,Man City,False,53,0.0,1275,0.0,0
Chadi,Riad Dnanou,Crystal Palace,Defender,Bournemouth,True,40,0.0,1180,0.0,0
Borna,Sosa,Crystal Palace,Defender,Bournemouth,True,49,0.0,1180,0.0,0
Rio,Cardines,Crystal Palace,Midfielder,Bournemouth,True,44,0.0,1180,0.0,0
Zach,Marsh,Crystal Palace,Forward,Bournemouth,True,45,0.0,1180,0.0,0
Franco,Umeh-Chibueze,Crystal Palace,Midfielder,Bournemouth,True,45,0.0,1180,0.0,0
Kaden,Rodney,Crystal Palace,Midfielder,Bournemouth,True,45,0.0,1180,0.0,0
David,Ozoh,Crystal Palace,Midfielder,Bournemouth,True,45,0.0,1180,0.0,0
Matheus,França de Oliveira,Crystal Palace,Midfielder,Bournemouth,True,45,0.0,1180,0.0,0
Jesurun,Rak-Sakyi,Crystal Palace,Midfielder,Bournemouth,True,44,0.0,1180,0.0,0
Malcolm,Ebiowei,Crystal Palace,Midfielder,Bournemouth,True,45,0.0,1180,0.0,0
Naouirou,Ahamada,Crystal Palace,Midfielder,Bournemouth,True,44,0.0,1180,0.0,0
Asher,Agbinone,Crystal Palace,Midfielder,Bournemouth,True,45,0.0,1180,0.0,0
Isaac,Schmidt,Leeds,Defender,Burnley,False,40,0.0,1050,0.0,0
Sebastiaan,Bornauw,Leeds,Defender,Burnley,False,39,0.0,1050,0.0,0
Ármin,Pécsi,Liverpool,Goalkeeper,Man Utd,True,39,0.0,1125,0.0,0
Giorgi,Mamardashvili,Liverpool,Goalkeeper,Man Utd,True,43,0.0,1125,0.0,0
Harry,Gray,Leeds,Forward,Burnley,False,45,0.0,1050,0.0,0
Mateo,Joseph Fernández-Regatillo,Leeds,Forward,Burnley,False,50,0.0,1050,0.0,0
Patrick,Bamford,Leeds,Forward,Burnley,False,49,0.0,1050,0.0,0
Darko,Gyabi,Leeds,Midfielder,Burnley,False,45,0.0,1050,0.0,0
Joe,Gelhardt,Leeds,Midfielder,Burnley,False,45,0.0,1050,0.0,0
Charlie,Crew,Leeds,Midfielder,Burnley,False,45,0.0,1050,0.0,0
Largie,Ramazani,Leeds,Midfielder,Burnley,False,49,0.0,1050,0.0,0
Sam,Greenwood,Leeds,Midfielder,Burnley,False,49,0.0,1050,0.0,0
Cheick,Doucouré,Crystal Palace,Midfielder,Bournemouth,True,49,0.0,1180,0.0,0
Caleb,Kporha,Crystal Palace,Defender,Bournemouth,True,40,0.0,1180,0.0,0
Rob,Holding,Crystal Palace,Defender,Bournemouth,True,40,0.0,1180,0.0,0
Remi,Matthews,Crystal Palace,Goalkeeper,Bournemouth,True,40,0.0,1180,0.0,0
Walter,Benítez,Crystal Palace,Goalkeeper,Bournemouth,True,40,0.0,1180,0.0,0
Landon,Emenalo,Chelsea,Midfielder,Nott'm Forest,False,45,,1165,0.0,0
Nicolas,Jackson,Chelsea,Forward,Nott'm Forest,False,65,0.0,1165,0.0,0
Kendry,Páez Andrade,Chelsea,Midfielder,Nott'm Forest,False,45,0.0,1165,0.0,0
Dário,Luís Essugo,Chelsea,Midfielder,Nott'm Forest,False,44,0.0,1165,0.0,0
Mykhailo,Mudryk,Chelsea,Midfielder,Nott'm Forest,False,50,0.0,1165,0.0,0
Konstantinos,Tsimikas,Liverpool,Defender,Man Utd,True,48,0.0,1125,0.0,0
Freddie,Woodman,Liverpool,Goalkeeper,Man Utd,True,39,0.0,1125,0.0,0
Trey,Nyoni,Liverpool,Midfielder,Man Utd,True,44,0.0,1125,0.0,0
Christopher,Nkunku,Chelsea,Midfielder,Nott'm Forest,False,59,0.0,1165,0.0,0
Aarón,Anselmino,Chelsea,Defender,Nott'm Forest,False,40,0.0,1165,0.0,0
Josh,Acheampong,Chelsea,Defender,Nott'm Forest,False,40,0.0,1165,0.0,0
Mamadou,Sarr,Chelsea,Defender,Nott'm Forest,False,45,0.0,1165,0.0,0
Levi,Samuels Colwill,Chelsea,Defender,Nott'm Forest,False,48,0.0,1165,0.0,0
Tyler,Morton,Liverpool,Midfielder,Man Utd,True,45,0.0,1125,0.0,0
James,McConnell,Liverpool,Midfielder,Man Utd,True,44,0.0,1125,0.0,0
Stefan,Bajčetić Maquieira,Liverpool,Midfielder,Man Utd,True,44,0.0,1125,0.0,0
Luis,Díaz Marulanda,Liverpool,Midfielder,Man Utd,True,80,0.0,1125,0.0,0
Calvin,Ramsay,Liverpool,Defender,Man Utd,True,39,0.0,1125,0.0,0
Rhys,Williams,Liverpool,Defender,Man Utd,True,39,0.0,1125,0.0,0
Amara,Nallo,Liverpool,Defender,Man Utd,True,39,0.0,1125,0.0,0
Charalampos,Kostoulas,Brighton,Forward,Newcastle,True,49,0.0,1245,0.0,0
Evan,Ferguson,Brighton,Forward,Newcastle,True,55,0.0,1245,0.0,0
Andrew,Moran,Brighton,Midfielder,Newcastle,True,45,0.0,1245,0.0,0
Adrian,Mazilu,Brighton,Midfielder,Newcastle,True,45,0.0,1245,0.0,0
Joe,Knight,Brighton,Midfielder,Newcastle,True,45,0.0,1245,0.0,0
Malick,Yalcouyé,Brighton,Midfielder,Newcastle,True,50,0.0,1245,0.0,0
Manuel,Akanji,Man City,Defender,Everton,True,54,0.0,1115,0.0,0
Marcus,Bettinelli,Man City,Goalkeeper,Everton,True,40,0.0,1115,0.0,0
Stefan,Ortega Moreno,Man City,Goalkeeper,Everton,True,48,0.0,1115,0.0,0
Ederson,Santana de Moraes,Man City,Goalkeeper,Everton,True,53,0.0,1115,0.0,0
Giovanni,Leoni,Liverpool,Defender,Man Utd,True,50,0.0,1125,0.0,0
Jayden,Danns,Liverpool,Forward,Man Utd,True,44,0.0,1125,0.0,0
Darwin,Núñez Ribeiro,Liverpool,Forward,Man Utd,True,65,0.0,1125,0.0,0
Tom,Watson,Brighton,Midfielder,Newcastle,True,49,0.0,1245,0.0,0
Jeremy,Sarmiento Morante,Brighton,Midfielder,Newcastle,True,49,0.0,1245,0.0,0
Abdallah,Sima,Brighton,Midfielder,Newcastle,True,54,0.0,1245,0.0,0
Julio,Enciso Espínola,Brighton,Midfielder,Newcastle,True,54,0.0,1245,0.0,0
Solly,March,Brighton,Midfielder,Newcastle,True,58,0.0,1245,0.0,0
Charlie,Tasker,Brighton,Defender,Newcastle,True,39,0.0,1245,0.0,0
Mateo,Kovačić,Man City,Midfielder,Everton,True,59,0.0,1115,0.0,0
İlkay,Gündoğan,Man City,Midfielder,Everton,True,63,0.0,1115,0.0,0
Vitor,de Oliveira Nunes dos Reis,Man City,Defender,Everton,True,50,0.0,1115,0.0,0
Gabriel,Słonina,Chelsea,Goalkeeper,Nott'm Forest,False,40,0.0,1165,0.0,0
Mike,Penders,Chelsea,Goalkeeper,Nott'm Forest,False,40,0.0,1165,0.0,0
Pervis,Estupiñán Tenorio,Brighton,Defender,Newcastle,True,45,0.0,1245,0.0,0
Olivier,Boscagli,Brighton,Defender,Newcastle,True,43,0.0,1245,0.0,0
Kjell,Scherpen,Brighton,Goalkeeper,Newcastle,True,40,0.0,1245,0.0,0
Carl,Rushworth,Brighton,Goalkeeper,Newcastle,True,40,0.0,1245,0.0,0
Tom,McGill,Brighton,Goalkeeper,Newcastle,True,40,0.0,1245,0.0,0
Dermot,Mee,Man Utd,Goalkeeper,Liverpool,False,40,0.0,1335,0.0,0
Tom,Heaton,Man Utd,Goalkeeper,Liverpool,False,40,0.0,1335,0.0,0
Elyh,Harrison,Man Utd,Goalkeeper,Liverpool,False,40,0.0,1335,0.0,0
André,Onana,Man Utd,Goalkeeper,Liverpool,False,49,0.0,1335,0.0,0
Ryan,McAidoo,Man City,Midfielder,Everton,True,45,0.0,1115,0.0,0
Stephen,Mfuni,Man City,Defender,Everton,True,40,0.0,1115,0.0,0
Divine,Mukasa,Man City,Midfielder,Everton,True,45,0.0,1115,0.0,0
Kalvin,Phillips,Man City,Midfielder,Everton,True,49,0.0,1115,0.0,0
Sverre,Nypan,Man City,Midfielder,Everton,True,50,0.0,1115,0.0,0
Claudio,Echeverri,Man City,Midfielder,Everton,True,54,0.0,1115,0.0,0
Sékou,Koné,Man Utd,Midfielder,Liverpool,False,44,0.0,1335,0.0,0
Jack,Fletcher,Man Utd,Midfielder,Liverpool,False,44,0.0,1335,0.0,0
Jayce,Fitzgerald,Man Utd,Midfielder,Liverpool,False,44,0.0,1335,0.0,0
Toby,Collyer,Man Utd,Midfielder,Liverpool,False,45,0.0,1335,0.0,0
Antony,dos Santos,Man Utd,Midfielder,Liverpool,False,59,0.0,1335,0.0,0
Marcus,Rashford,Man Utd,Midfielder,Liverpool,False,70,0.0,1335,0.0,0
Tyrell,Malacia,Man Utd,Defender,Liverpool,False,39,0.0,1335,0.0,0
Tyler,Fredricson,Man Utd,Defender,Liverpool,False,39,0.0,1335,0.0,0
Harry,Amass,Man Utd,Defender,Liverpool,False,40,0.0,1335,0.0,0
Diego,León Blanco,Man Utd,Defender,Liverpool,False,43,0.0,1335,0.0,0
Lisandro,Martínez,Man Utd,Defender,Liverpool,False,49,0.0,1335,0.0,0
Jacob,Slater,Brighton,Defender,Newcastle,True,40,0.0,1245,0.0,0
Eiran,Cashin,Brighton,Defender,Newcastle,True,40,0.0,1245,0.0,0
Adam,Webster,Brighton,Defender,Newcastle,True,44,0.0,1245,0.0,0
Tariq,Lamptey,Brighton,Defender,Newcastle,True,44,0.0,1245,0.0,0
Senne,Lammens,Man Utd,Goalkeeper,Liverpool,False,50,0.0,1335,0.0,0
Jason,Steele,Brighton,Goalkeeper,Newcastle,True,44,0.0,1245,0.0,0
Iwan,Morgan,Brentford,Forward,West Ham,False,44,0.0,1100,0.0,0
Ryan,Trevitt,Brentford,Midfielder,West Ham,False,45,0.0,1100,0.0,0
Myles,Peart-Harris,Brentford,Midfielder,West Ham,False,44,0.0,1100,0.0,-1
Paris,Maghoma,Brentford,Midfielder,West Ham,False,45,0.0,1100,0.0,0
Yunus Emre,Konak,Brentford,Midfielder,West Ham,False,44,0.0,1100,0.0,0
Romelle,Donovan,Brentford,Midfielder,West Ham,False,45,0.0,1100,0.0,0
Gustavo,Nunes Fernandes Gomes,Brentford,Midfielder,West Ham,False,49,0.0,1100,0.0,0
Antoni,Milambo,Brentford,Midfielder,West Ham,False,53,0.0,1100,0.0,0
Ethan,Wheatley,Man Utd,Forward,Liverpool,False,45,0.0,1335,0.0,0
Chido,Obi,Man Utd,Forward,Liverpool,False,43,0.0,1335,0.0,0
Rasmus,Højlund,Man Utd,Forward,Liverpool,False,63,0.0,1335,0.0,0
Jack,Moorhouse,Man Utd,Midfielder,Liverpool,False,45,0.0,1335,0.0,0
Miodrag,Pivaš,Newcastle,Defender,Brighton,False,39,0.0,1150,0.0,0
Jayden,Meghoma,Brentford,Defender,West Ham,False,40,0.0,1100,0.0,0
Kim,Ji-soo,Brentford,Defender,West Ham,False,39,0.0,1100,0.0,0
Benjamin,Fredrick,Brentford,Defender,West Ham,False,40,0.0,1100,0.0,0
Benjamin,Arthur,Brentford,Defender,West Ham,False,40,0.0,1100,0.0,0
Mads,Roerslev Rasmussen,Brentford,Defender,West Ham,False,45,0.0,1100,0.0,0
Ethan,Pinnock,Brentford,Defender,West Ham,False,44,0.0,1100,0.0,0
Hákon Rafn,Valdimarsson,Brentford,Goalkeeper,West Ham,False,40,0.0,1100,0.0,0
Harrison,Ashby,Newcastle,Defender,Brighton,False,39,0.0,1150,0.0,0
Alex,Murphy,Newcastle,Defender,Brighton,False,39,0.0,1150,0.0,0
Josh,Nichols,Arsenal,Defender,Fulham,False,39,0.0,1125,0.0,0
Emil,Krafth,Newcastle,Defender,Brighton,False,44,0.0,1150,0.0,0
Odysseas,Vlachodimos,Newcastle,Goalkeeper,Brighton,False,40,0.0,1150,0.0,0
Mark,Gillespie,Newcastle,Goalkeeper,Brighton,False,40,0.0,1150,0.0,0
Yoane,Wissa,Newcastle,Forward,Brighton,False,74,0.0,1150,0.0,0
Guido,Rodríguez,West Ham,Midfielder,Brentford,True,49,0.0,1185,0.0,0
Sean,Neave,Newcastle,Forward,Brighton,False,44,0.0,1150,0.0,0
Julian,Eyestone,Brentford,Goalkeeper,West Ham,False,40,0.0,1100,0.0,0
Matthew,Cox,Brentford,Goalkeeper,West Ham,False,40,0.0,1100,0.0,0
Ellery,Balcombe,Brentford,Goalkeeper,West Ham,False,40,0.0,1100,0.0,0
Reiss,Nelson,Brentford,Midfielder,West Ham,False,49,0.0,1100,0.0,0
Álex,Jiménez Sánchez,Bournemouth,Defender,Crystal Palace,False,45,0.0,1140,0.0,0
Remy,Rees-Dottin,Bournemouth,Midfielder,Crystal Palace,False,44,0.0,1140,0.0,0
Jenson,Metcalfe,Everton,Midfielder,Man City,False,45,0.0,1275,0.0,0
Daniel,Adu-Adjei,Bournemouth,Forward,Crystal Palace,False,44,0.0,1140,0.0,0
Enes,Ünal,Bournemouth,Forward,Crystal Palace,False,54,0.0,1140,0.0,0
Joe,White,Newcastle,Midfielder,Brighton,False,45,0.0,1150,0.0,0
Garang,Kuol,Newcastle,Midfielder,Brighton,False,44,0.0,1150,0.0,0
Isaac,Hayden,Newcastle,Midfielder,Brighton,False,45,0.0,1150,0.0,0
Antoñito,Cordero Campillo,Newcastle,Midfielder,Brighton,False,49,0.0,1150,0.0,0
Christian,Nørgaard,Arsenal,Midfielder,Fulham,False,53,0.0,1125,0.0,0
Matt,Targett,Newcastle,Defender,Brighton,False,40,0.0,1150,0.0,0
Ben,Winterburn,Bournemouth,Midfielder,Crystal Palace,False,45,0.0,1140,0.0,0
Zain,Silcott-Duberry,Bournemouth,Midfielder,Crystal Palace,False,44,0.0,1140,0.0,0
Dominic,Sadi,Bournemouth,Midfielder,Crystal Palace,False,45,0.0,1140,0.0,0
Hamed,Traorè,Bournemouth,Midfielder,Crystal Palace,False,45,0.0,1140,0.0,0
Romain,Faivre,Bournemouth,Midfielder,Crystal Palace,False,45,0.0,1140,0.0,0
Luis,Sinisterra Lucumí,Bournemouth,Midfielder,Crystal Palace,False,50,0.0,1140,0.0,0
Philip,Billing,Bournemouth,Midfielder,Crystal Palace,False,49,0.0,1140,0.0,0
Benjamin,White,Arsenal,Defender,Fulham,False,54,0.0,1125,0.0,0
Karl,Hein,Arsenal,Goalkeeper,Fulham,False,40,0.0,1125,0.0,0
Jair,Paula da Cunha Filho,Nott'm Forest,Defender,Chelsea,True,43,0.0,1245,0.0,-1
David,Mota Veiga Teixeira do Carmo,Nott'm Forest,Defender,Chelsea,True,45,0.0,1245,0.0,0
Tommy,Setford,Arsenal,Goalkeeper,Fulham,False,40,0.0,1125,0.0,0
Matt,Turner,Nott'm Forest,Goalkeeper,Chelsea,True,40,0.0,1245,0.0,0
Carlos Miguel,dos Santos Pereira,Nott'm Forest,Goalkeeper,Chelsea,True,40,0.0,1245,0.0,0
Seung-Soo,Park,Newcastle,Midfielder,Brighton,False,44,0.0,1150,0.0,0
Aaron,Ramsdale,Newcastle,Goalkeeper,Brighton,False,49,0.0,1150,0.0,0
Matai,Akinmboni,Bournemouth,Defender,Crystal Palace,False,40,0.0,1140,0.0,0
Illia,Zabarnyi,Bournemouth,Defender,Crystal Palace,False,50,0.0,1140,0.0,0
Alex,Paulsen,Bournemouth,Goalkeeper,Crystal Palace,False,40,0.0,1140,0.0,0
Callan,McKenna,Bournemouth,Goalkeeper,Crystal Palace,False,40,0.0,1140,0.0,0
Will,Dennis,Bournemouth,Goalkeeper,Crystal Palace,False,40,0.0,1140,0.0,0
Norberto,Murara Neto,Bournemouth,Goalkeeper,Crystal Palace,False,45,0.0,1140,0.0,0
Alfie,Pond,Wolves,Defender,Sunderland,False,39,0.0,1050,0.0,0
Marko,Stamenić,Nott'm Forest,Midfielder,Chelsea,True,45,0.0,1245,0.0,0
Eric,da Silva Moreira,Nott'm Forest,Midfielder,Chelsea,True,45,0.0,1245,0.0,0
Pedro,Cardoso de Lima,Wolves,Defender,Sunderland,False,40,0.0,1050,0.0,0
Lewis,O'Brien,Nott'm Forest,Midfielder,Chelsea,True,50,0.0,1245,0.0,0
Nicolás,Domínguez,Nott'm Forest,Midfielder,Chelsea,True,50,0.0,1245,0.0,0
João Pedro,Ferreira da Silva,Nott'm Forest,Midfielder,Chelsea,True,54,0.0,1245,0.0,0
Willy,Boly,Nott'm Forest,Defender,Chelsea,True,39,0.0,1245,0.0,0
Zach,Abbott,Nott'm Forest,Defender,Chelsea,True,39,0.0,1245,0.0,0
Omar,Richards,Nott'm Forest,Defender,Chelsea,True,45,0.0,1245,0.0,0
Leo Fuhr,Hjelde,Sunderland,Defender,Wolves,True,40,0.0,1125,0.0,0
Dennis,Cirkin,Sunderland,Defender,Wolves,True,40,0.0,1125,0.0,0
Joe,Anderson,Sunderland,Defender,Wolves,True,39,0.0,1125,0.0,0
Aji,Alese,Sunderland,Defender,Wolves,True,40,0.0,1125,0.0,0
Blondy,Nna Noukeu,Sunderland,Goalkeeper,Wolves,True,40,0.0,1125,0.0,0
Simon,Moore,Sunderland,Goalkeeper,Wolves,True,40,0.0,1125,0.0,0
Anthony,Patterson,Sunderland,Goalkeeper,Wolves,True,44,0.0,1125,0.0,0
Luis Eduardo,Soares da Silva,Nott'm Forest,Defender,Chelsea,True,45,0.0,1245,0.0,0
Nicolò,Savona,Nott'm Forest,Defender,Chelsea,True,45,0.0,1245,0.0,0
John Victor,Maciel Furtado,Nott'm Forest,Goalkeeper,Chelsea,True,40,0.0,1245,0.0,0
Bastien,Meupiyou Menadjou,Wolves,Defender,Sunderland,False,40,0.0,1050,0.0,0
Angus,Gunn,Nott'm Forest,Goalkeeper,Chelsea,True,40,0.0,1245,0.0,0
Taiwo,Awoniyi,Nott'm Forest,Forward,Chelsea,True,52,0.0,1245,0.0,-1
Chris,Mepham,Bournemouth,Defender,Crystal Palace,False,40,0.0,1140,0.0,0
Julián,Araujo Zúñiga,Bournemouth,Defender,Crystal Palace,False,40,0.0,1140,0.0,0
Owen,Bevan,Bournemouth,Defender,Crystal Palace,False,39,0.0,1140,0.0,0
Daniel,Bentley,Wolves,Goalkeeper,Sunderland,False,40,0.0,1050,0.0,0
Mike,Trésor Ndayishimiye,Burnley,Midfielder,Leeds,True,44,0.0,1075,0.0,0
Jaydon,Banel,Burnley,Midfielder,Leeds,True,45,0.0,1075,0.0,0
Oluwaseun,Adewumi,Burnley,Midfielder,Leeds,True,45,0.0,1075,0.0,0
Aaron,Ramsey,Burnley,Midfielder,Leeds,True,44,0.0,1075,0.0,0
Luca,Koleosho,Burnley,Midfielder,Leeds,True,50,0.0,1075,0.0,0
Marcus,Edwards,Burnley,Midfielder,Leeds,True,48,0.0,1075,0.0,0
Piero,Hincapié,Arsenal,Defender,Fulham,False,54,0.0,1125,0.0,0
Romaine,Mundle,Sunderland,Midfielder,Wolves,True,49,0.0,1125,0.0,0
Milan,Aleksić,Sunderland,Midfielder,Wolves,True,49,0.0,1125,0.0,0
Andre,Harriman-Annous,Arsenal,Midfielder,Fulham,False,45,0.0,1125,0.0,0
Gabriel,Fernando de Jesus,Arsenal,Forward,Fulham,False,64,0.0,1125,0.0,0
Timothée,Pembélé,Sunderland,Defender,Wolves,True,39,0.0,1125,0.0,0
Luke,O'Nien,Sunderland,Defender,Wolves,True,40,0.0,1125,0.0,0
Zak,Johnson,Sunderland,Defender,Wolves,True,39,0.0,1125,0.0,0
Niall,Huggins,Sunderland,Defender,Wolves,True,40,0.0,1125,0.0,0
Lucas,Pires Silva,Burnley,Defender,Leeds,True,39,0.0,1075,0.0,0
Jordan,Beyer,Burnley,Defender,Leeds,True,40,0.0,1075,0.0,0
Bashir,Humphreys,Burnley,Defender,Leeds,True,40,0.0,1075,0.0,0
Nazarii,Rusyn,Sunderland,Forward,Wolves,True,44,0.0,1125,0.0,0
Luís Hemir,Silva Semedo,Sunderland,Forward,Wolves,True,44,0.0,1125,0.0,0
Ahmed,Abdullahi,Sunderland,Forward,Wolves,True,44,0.0,1125,0.0,0
Nectarios,Triantis,Sunderland,Midfielder,Wolves,True,44,0.0,1125,0.0,0
Jay,Matete,Sunderland,Midfielder,Wolves,True,44,0.0,1125,0.0,0
Harrison,Jones,Sunderland,Midfielder,Wolves,True,44,0.0,1125,0.0,0
Pierre,Ekwah Elimby,Sunderland,Midfielder,Wolves,True,45,0.0,1125,0.0,0
Alan,Browne,Sunderland,Midfielder,Wolves,True,45,0.0,1125,0.0,0
Kai,Havertz,Arsenal,Forward,Fulham,False,73,0.0,1125,0.0,0
Ian,Poveda-Ocampo,Sunderland,Midfielder,Wolves,True,48,0.0,1125,0.0,-1
Michael,Obafemi,Burnley,Forward,Leeds,True,44,0.0,1075,0.0,0
Ashley,Barnes,Burnley,Forward,Leeds,True,44,0.0,1075,0.0,0
Zeki,Amdouni,Burnley,Forward,Leeds,True,49,0.0,1075,0.0,0
Luka,Vušković,Spurs,Defender,Aston Villa,True,39,0.0,1250,0.0,0
Takai,Kōta,Spurs,Defender,Aston Villa,True,40,0.0,1250,0.0,0
Ashley,Phillips,Spurs,Defender,Aston Villa,True,40,0.0,1250,0.0,0
Radu,Drăgușin,Spurs,Defender,Aston Villa,True,45,0.0,1250,0.0,0
Ben,Davies,Spurs,Defender,Aston Villa,True,43,0.0,1250,0.0,0
Albert,Sambi Lokonga,Arsenal,Midfielder,Fulham,False,45,0.0,1125,0.0,0
Antonín,Kinský,Spurs,Goalkeeper,Aston Villa,True,39,0.0,1250,0.0,0
Brandon,Austin,Spurs,Goalkeeper,Aston Villa,True,39,0.0,1250,0.0,-1
Ismeal,Kabia,Arsenal,Midfielder,Fulham,False,45,0.0,1125,0.0,0
Gonçalo Manuel,Ganchinho Guedes,Wolves,Midfielder,Sunderland,False,55,0.0,1050,0.0,0
Darko,Churlinov,Burnley,Midfielder,Leeds,True,49,0.0,1075,0.0,0
Enock,Agyei,Burnley,Midfielder,Leeds,True,48,0.0,1075,0.0,0
Manuel,Benson Hedilazio,Burnley,Midfielder,Leeds,True,54,0.0,1075,0.0,0
Axel,Tuanzebe,Burnley,Defender,Leeds,True,39,0.0,1075,0.0,0
Zépiqueno,Redmond,Aston Villa,Forward,Spurs,False,45,0.0,1130,0.0,0
Shurandy,Sambo,Burnley,Defender,Leeds,True,40,0.0,1075,0.0,0
Hannes,Delcroix,Burnley,Defender,Leeds,True,39,0.0,1075,0.0,0
Connor,Roberts,Burnley,Defender,Leeds,True,44,0.0,1075,0.0,0
Václav,Hladký,Burnley,Goalkeeper,Leeds,True,40,0.0,1075,0.0,0
Etienne,Green,Burnley,Goalkeeper,Leeds,True,40,0.0,1075,0.0,0
Max,Weiß,Burnley,Goalkeeper,Leeds,True,44,0.0,1075,0.0,0
Travis,Patterson,Aston Villa,Defender,Spurs,False,40,0.0,1130,0.0,0
Sam,Proctor,Aston Villa,Goalkeeper,Spurs,False,40,0.0,1130,0.0,0
Harry,Tyrer,Everton,Goalkeeper,Man City,False,40,0.0,1275,0.0,0
Triston,Rowe,Aston Villa,Defender,Spurs,False,40,0.0,1130,0.0,0
James,Wright,Aston Villa,Goalkeeper,Spurs,False,40,0.0,1130,0.0,0
Mark,Travers,Everton,Goalkeeper,Man City,False,44,0.0,1275,0.0,0
Manor,Solomon,Spurs,Midfielder,Aston Villa,True,54,0.0,1250,0.0,0
Yves,Bissouma,Spurs,Midfielder,Aston Villa,True,52,0.0,1250,0.0,0
Dejan,Kulusevski,Spurs,Midfielder,Aston Villa,True,64,0.0,1250,0.0,0
James,Maddison,Spurs,Midfielder,Aston Villa,True,69,0.0,1250,0.0,0
Son,Heung-min,Spurs,Midfielder,Aston Villa,True,85,0.0,1250,0.0,0
Ollie,Scarles,West Ham,Defender,Brentford,True,44,0.0,1185,0.0,0
Jaydee,Canvot,Crystal Palace,Defender,Bournemouth,True,45,0.0,1180,0.0,0
Emerson,Palmieri dos Santos,West Ham,Defender,Brentford,True,44,0.0,1185,0.0,0
Krisztián,Hegyi,West Ham,Goalkeeper,Brentford,True,40,0.0,1185,0.0,0
Wes,Foderingham,West Ham,Goalkeeper,Brentford,True,40,0.0,1185,0.0,0
Samuel,Amissah,Fulham,Defender,Arsenal,True,39,0.0,1325,0.0,0
Randal,Kolo Muani,Spurs,Forward,Aston Villa,True,69,0.0,1250,0.0,0
Dane,Scarlett,Spurs,Forward,Aston Villa,True,44,0.0,1250,0.0,0
Will,Lankshear,Spurs,Forward,Aston Villa,True,45,0.0,1250,0.0,0
Issa,Diop,Fulham,Defender,Arsenal,True,44,0.0,1325,0.0,0
Callum,Olusesi,Spurs,Midfielder,Aston Villa,True,44,0.0,1250,0.0,0
Yang,Min-hyeok,Spurs,Midfielder,Aston Villa,True,45,0.0,1250,0.0,0
Mikey,Moore,Spurs,Midfielder,Aston Villa,True,50,0.0,1250,0.0,0
Abdoullah,Ba,Sunderland,Midfielder,Wolves,True,44,0.0,1125,0.0,0
Bryan,Gil Salvatierra,Spurs,Midfielder,Aston Villa,True,49,0.0,1250,0.0,0
Owen,Dodgson,Burnley,Defender,Leeds,True,40,0.0,1075,0.0,0
Kadan,Young,Aston Villa,Midfielder,Spurs,False,44,0.0,1130,0.0,0
Jamaldeen,Jimoh-Aloba,Aston Villa,Midfielder,Spurs,False,45,0.0,1130,0.0,0
Leander,Dendoncker,Aston Villa,Midfielder,Spurs,False,45,0.0,1130,0.0,0
Ben,Broggio,Aston Villa,Midfielder,Spurs,False,45,0.0,1130,0.0,0
Steven,Benda,Fulham,Goalkeeper,Arsenal,True,40,0.0,1325,0.0,0
Lewis,Dobbin,Aston Villa,Midfielder,Spurs,False,50,0.0,1130,0.0,0
Enzo,Barrenechea,Aston Villa,Midfielder,Spurs,False,50,0.0,1130,0.0,0
Ross,Barkley,Aston Villa,Midfielder,Spurs,False,48,0.0,1130,0.0,0
Samuel,Iling-Junior,Aston Villa,Midfielder,Spurs,False,55,0.0,1130,0.0,0
Leon,Bailey,Aston Villa,Midfielder,Spurs,False,55,0.0,1130,0.0,0
Maxwel,Cornet,West Ham,Midfielder,Brentford,True,49,0.0,1185,0.0,0
Edson,Álvarez Velázquez,West Ham,Midfielder,Brentford,True,49,0.0,1185,0.0,0
Elijah,Campbell,Everton,Defender,Man City,False,40,0.0,1275,0.0,0
Kaelan,Casey,West Ham,Defender,Brentford,True,40,0.0,1185,0.0,0
Aaron,Wan-Bissaka,West Ham,Defender,Brentford,True,43,0.0,1185,0.0,0
Jean-Clair,Todibo,West Ham,Defender,Brentford,True,43,0.0,1185,0.0,0
Maldini,Kacurri,Arsenal,Defender,Fulham,False,39,0.0,1125,0.0,0
Isaac,Heath,Everton,Midfielder,Man City,False,45,0.0,1275,0.0,0
Coby,Ebere,Everton,Midfielder,Man City,False,44,0.0,1275,0.0,-1
Callum,Bates,Everton,Midfielder,Man City,False,45,0.0,1275,0.0,0
Tyler,Onyango,Everton,Midfielder,Man City,False,45,0.0,1275,0.0,0
Adam,Aznou,Everton,Defender,Man City,False,44,0.0,1275,0.0,0
Nathan,Fraser,Wolves,Forward,Sunderland,False,44,0.0,1050,0.0,0
Leon,Chiwome,Wolves,Forward,Sunderland,False,45,0.0,1050,0.0,0
Tom,King,Everton,Goalkeeper,Man City,False,40,0.0,1275,0.0,0
Fábio,Soares Silva,Wolves,Forward,Sunderland,False,49,0.0,1050,0.0,0
Joe,Hodge,Wolves,Midfielder,Sunderland,False,45,0.0,1050,0.0,0
Enso,González Medina,Wolves,Midfielder,Sunderland,False,44,0.0,1050,0.0,0
Tom,Edozie,Wolves,Midfielder,Sunderland,False,44,0.0,1050,0.0,0
Tawanda,Chirewa,Wolves,Midfielder,Sunderland,False,44,0.0,1050,0.0,0
Boubacar,Traoré,Wolves,Midfielder,Sunderland,False,50,0.0,1050,0.0,0
Jakub,Kiwior,Arsenal,Defender,Fulham,False,54,0.0,1125,0.0,0
Kepa,Arrizabalaga Revuelta,Arsenal,Goalkeeper,Fulham,False,43,0.0,1125,0.0,0
Fábio,Ferreira Vieira,Arsenal,Midfielder,Fulham,False,54,0.0,1125,0.0,0
Yasin,Özcan,Aston Villa,Defender,Spurs,False,40,0.0,1130,0.0,0
Lino,da Cruz Sousa,Aston Villa,Defender,Spurs,False,40,0.0,1130,0.0,0
Álex,Moreno Lopera,Aston Villa,Defender,Spurs,False,40,0.0,1130,0.0,0
Andrés,García,Aston Villa,Defender,Spurs,False,39,0.0,1130,0.0,0
Martin,Sherif,Everton,Forward,Man City,False,44,0.0,1275,0.0,0
Filip,Marschall,Aston Villa,Goalkeeper,Spurs,False,40,0.0,1130,0.0,0
Joe,Gauci,Aston Villa,Goalkeeper,Spurs,False,40,0.0,1130,0.0,0
Marco,Bizot,Aston Villa,Goalkeeper,Spurs,False,44,0.0,1130,0.0,0
Lukasz,Fabianski,West Ham,Goalkeeper,Brentford,True,45,0.0,1185,0.0,0
Callum,Marshall,West Ham,Forward,Brentford,True,44,0.0,1185,0.0,0
Youssef,Ramalho Chermiti,Everton,Forward,Man City,False,49,0.0,1275,0.0,0
Lewis,Orford,West Ham,Midfielder,Brentford,True,44,0.0,1185,0.0,0
George,Earthy,West Ham,Midfielder,Brentford,True,45,0.0,1185,0.0,0
Brayden,Clarke,Arsenal,Defender,Fulham,False,39,0.0,1125,0.0,0
Benoît,Badiashile Mukinayi,Chelsea,Defender,Nott'm Forest,False,44,-0.2,1165,-0.045454545454545456,0
