playerId,shirtNo,name,position,height,weight,age,isFirstEleven,isManOfTheMatch,field,stats,subbedInPlayerId,subbedOutPeriod,subbedOutExpandedMinute,subbedInPeriod,subbedInExpandedMinute,subbedOutPlayerId,teamId
70483,26,Karl Darlow,GK,190,88,35,True,False,home,"{'totalSaves': {'59': 1.0}, 'collected': {'59': 1.0}, 'claimsHigh': {'30': 1.0}, 'possession': {'0': 1.0, '2': 2.0, '4': 1.0, '10': 1.0, '11': 1.0, '16': 1.0, '20': 1.0, '22': 1.0, '26': 1.0, '30': 3.0, '33': 1.0, '35': 2.0, '44': 1.0, '46': 1.0, '47': 1.0, '50': 1.0, '51': 2.0, '60': 1.0, '64': 1.0, '67': 1.0, '70': 2.0, '72': 2.0, '80': 3.0, '84': 1.0, '87': 3.0, '93': 1.0, '97': 1.0, '99': 1.0, '102': 1.0}, 'ratings': {'0': 5.99, '2': 5.99, '4': 5.98, '10': 5.97, '11': 5.96, '15': 6.01, '16': 6.02, '20': 6.01, '22': 5.74, '26': 5.73, '30': 5.84, '33': 5.89, '35': 5.9, '44': 5.89, '46': 5.88, '47': 5.87, '50': 5.87, '51': 5.92, '59': 6.03, '61': 5.63, '64': 5.62, '67': 5.63, '70': 5.65, '72': 5.64, '80': 5.64, '84': 5.65, '87': 5.66, '93': 5.67, '97': 5.69, '99': 5.7, '102': 5.69}, 'clearances': {'15': 1.0, '51': 1.0}, 'touches': {'0': 1.0, '2': 2.0, '4': 1.0, '10': 1.0, '11': 1.0, '15': 1.0, '16': 1.0, '20': 1.0, '22': 1.0, '26': 1.0, '30': 4.0, '33': 1.0, '35': 2.0, '44': 1.0, '46': 1.0, '47': 1.0, '50': 1.0, '51': 3.0, '59': 1.0, '60': 1.0, '64': 1.0, '67': 1.0, '70': 2.0, '72': 2.0, '80': 3.0, '84': 1.0, '87': 3.0, '93': 1.0, '97': 1.0, '99': 1.0, '102': 1.0}, 'passesTotal': {'2': 2.0, '16': 1.0, '30': 2.0, '33': 1.0, '35': 1.0, '50': 1.0, '51': 2.0, '67': 1.0, '70': 2.0, '72': 2.0, '80': 3.0, '84': 1.0, '87': 3.0, '93': 1.0, '97': 1.0, '99': 1.0, '0': 1.0, '4': 1.0, '10': 1.0, '11': 1.0, '20': 1.0, '22': 1.0, '26': 1.0, '44': 1.0, '46': 1.0, '47': 1.0, '64': 1.0, '102': 1.0}, 'passesAccurate': {'2': 1.0, '16': 1.0, '30': 2.0, '33': 1.0, '35': 1.0, '50': 1.0, '51': 2.0, '67': 1.0, '70': 2.0, '72': 1.0, '80': 3.0, '84': 1.0, '87': 3.0, '93': 1.0, '97': 1.0, '99': 1.0}, 'passSuccess': {'2': 50.0, '16': 100.0, '30': 100.0, '33': 100.0, '35': 100.0, '50': 100.0, '51': 100.0, '67': 100.0, '70': 100.0, '72': 50.0, '80': 100.0, '84': 100.0, '87': 100.0, '93': 100.0, '97': 100.0, '99': 100.0, '0': 0.0, '4': 0.0, '10': 0.0, '11': 0.0, '20': 0.0, '22': 0.0, '26': 0.0, '44': 0.0, '46': 0.0, '47': 0.0, '64': 0.0, '102': 0.0}}",,,,,,,19
354291,2,Jayden Bogle,DR,178,69,25,True,False,home,"{'possession': {'0': 1.0, '1': 1.0, '2': 1.0, '3': 1.0, '4': 1.0, '6': 1.0, '12': 1.0, '13': 1.0, '17': 1.0, '22': 1.0, '24': 2.0, '27': 1.0, '33': 3.0, '35': 1.0, '38': 1.0, '39': 1.0, '47': 1.0, '50': 1.0, '52': 1.0, '60': 2.0, '67': 1.0, '73': 2.0, '76': 2.0, '81': 1.0, '82': 1.0, '84': 1.0, '87': 1.0, '88': 1.0, '89': 2.0, '90': 1.0}, 'ratings': {'0': 5.99, '1': 6.0, '2': 6.0, '3': 6.0, '4': 6.0, '6': 6.02, '12': 6.0, '13': 6.0, '14': 6.13, '17': 6.13, '22': 5.97, '23': 6.05, '24': 6.05, '27': 6.05, '30': 6.1, '33': 6.27, '35': 6.27, '38': 6.27, '39': 6.5, '40': 6.55, '45': 6.65, '47': 6.65, '48': 6.75, '50': 6.75, '52': 6.75, '53': 6.61, '54': 6.58, '55': 6.63, '60': 6.62, '61': 6.51, '64': 6.52, '65': 6.65, '67': 6.63, '73': 6.75, '76': 6.76, '81': 6.76, '82': 6.76, '84': 6.84, '87': 6.84, '88': 6.85, '89': 6.84, '90': 6.83}, 'shotsTotal': {'82': 1.0}, 'shotsOffTarget': {'82': 1.0}, 'clearances': {'30': 1.0, '40': 1.0, '55': 1.0, '61': 1.0}, 'interceptions': {'45': 1.0, '48': 1.0, '65': 1.0}, 'touches': {'0': 1.0, '1': 1.0, '2': 2.0, '3': 1.0, '4': 1.0, '6': 1.0, '12': 1.0, '13': 1.0, '14': 2.0, '17': 1.0, '22': 1.0, '24': 2.0, '27': 1.0, '30': 1.0, '33': 3.0, '35': 1.0, '38': 1.0, '39': 3.0, '40': 1.0, '45': 2.0, '47': 1.0, '48': 1.0, '50': 1.0, '52': 1.0, '55': 2.0, '60': 2.0, '61': 2.0, '65': 3.0, '67': 3.0, '73': 3.0, '76': 3.0, '81': 1.0, '82': 2.0, '84': 2.0, '87': 1.0, '88': 1.0, '89': 2.0, '90': 1.0}, 'passesTotal': {'1': 1.0, '2': 1.0, '3': 1.0, '4': 1.0, '6': 1.0, '17': 1.0, '22': 1.0, '24': 2.0, '27': 1.0, '33': 2.0, '35': 1.0, '38': 1.0, '39': 1.0, '47': 1.0, '50': 1.0, '60': 1.0, '67': 1.0, '76': 2.0, '81': 1.0, '82': 1.0, '84': 1.0, '87': 1.0, '88': 1.0, '89': 2.0, '0': 1.0, '12': 1.0, '13': 1.0, '52': 1.0, '73': 2.0}, 'passesAccurate': {'1': 1.0, '2': 1.0, '3': 1.0, '4': 1.0, '6': 1.0, '17': 1.0, '22': 1.0, '24': 1.0, '27': 1.0, '33': 2.0, '35': 1.0, '38': 1.0, '39': 1.0, '47': 1.0, '50': 1.0, '60': 1.0, '67': 1.0, '76': 2.0, '81': 1.0, '82': 1.0, '84': 1.0, '87': 1.0, '88': 1.0, '89': 1.0}, 'passSuccess': {'1': 100.0, '2': 100.0, '3': 100.0, '4': 100.0, '6': 100.0, '17': 100.0, '22': 100.0, '24': 50.0, '27': 100.0, '33': 100.0, '35': 100.0, '38': 100.0, '39': 100.0, '47': 100.0, '50': 100.0, '60': 100.0, '67': 100.0, '76': 100.0, '81': 100.0, '82': 100.0, '84': 100.0, '87': 100.0, '88': 100.0, '89': 50.0, '0': 0.0, '12': 0.0, '13': 0.0, '52': 0.0, '73': 0.0}, 'aerialsTotal': {'23': 1.0}, 'aerialsWon': {'23': 1.0}, 'offensiveAerials': {'23': 1.0}, 'throwInsTotal': {'2': 1.0, '14': 1.0, '55': 1.0, '67': 1.0, '76': 1.0}, 'throwInsAccurate': {'2': 1.0, '14': 1.0, '55': 1.0, '67': 1.0, '76': 1.0}, 'tacklesTotal': {'14': 1.0, '39': 2.0, '73': 1.0, '84': 1.0, '54': 1.0}, 'tackleSuccessful': {'14': 1.0, '39': 2.0, '73': 1.0, '84': 1.0}, 'tackleUnsuccesful': {'54': 1.0}, 'tackleSuccess': {'14': 100.0, '39': 100.0, '73': 100.0, '84': 100.0, '54': 0.0}, 'dribbledPast': {'54': 1.0}, 'dribblesAttempted': {'65': 1.0, '67': 1.0}, 'dribblesLost': {'65': 1.0, '67': 1.0}}",301441.0,"{'value': 2, 'displayName': 'SecondHalf'}",93.0,,,,19
355609,5,Pascal Struijk,DC,190,79,26,True,False,home,"{'possession': {'0': 1.0, '2': 1.0, '4': 1.0, '5': 3.0, '8': 3.0, '10': 1.0, '12': 2.0, '13': 1.0, '16': 1.0, '17': 1.0, '20': 2.0, '21': 3.0, '22': 1.0, '24': 3.0, '28': 2.0, '30': 2.0, '36': 1.0, '38': 1.0, '39': 4.0, '47': 1.0, '50': 3.0, '51': 1.0, '54': 1.0, '60': 1.0, '63': 1.0, '67': 3.0, '70': 1.0, '71': 1.0, '72': 1.0, '73': 1.0, '76': 2.0, '80': 3.0, '82': 2.0, '84': 1.0, '86': 1.0, '87': 1.0, '89': 3.0, '90': 2.0, '93': 1.0, '101': 1.0}, 'ratings': {'0': 6.0, '2': 6.0, '4': 6.0, '5': 6.01, '6': 5.98, '8': 5.98, '10': 5.98, '12': 5.98, '13': 5.98, '16': 6.0, '17': 6.0, '20': 6.0, '21': 6.01, '22': 5.81, '24': 5.82, '28': 5.82, '30': 5.87, '33': 5.94, '36': 5.94, '38': 5.94, '39': 5.94, '45': 5.98, '47': 5.98, '50': 5.98, '51': 5.99, '54': 5.99, '60': 5.99, '61': 5.79, '63': 5.79, '67': 5.81, '70': 5.81, '71': 5.8, '72': 5.8, '73': 5.8, '75': 5.79, '76': 5.79, '78': 5.84, '79': 5.89, '80': 5.9, '82': 5.9, '84': 5.9, '86': 5.91, '87': 5.91, '89': 5.92, '90': 5.92, '93': 5.92, '94': 5.94, '96': 5.99, '98': 6.28, '101': 6.28}, 'shotsTotal': {'6': 1.0, '96': 1.0, '98': 1.0}, 'shotsOffTarget': {'6': 1.0, '96': 1.0}, 'shotsBlocked': {'98': 1.0}, 'clearances': {'30': 1.0, '45': 1.0, '78': 1.0, '79': 1.0, '94': 1.0}, 'touches': {'0': 1.0, '2': 1.0, '4': 1.0, '5': 3.0, '6': 1.0, '8': 3.0, '10': 1.0, '12': 2.0, '13': 1.0, '16': 1.0, '17': 1.0, '20': 2.0, '21': 3.0, '22': 1.0, '24': 3.0, '28': 2.0, '30': 3.0, '36': 1.0, '38': 1.0, '39': 4.0, '45': 1.0, '47': 1.0, '50': 3.0, '51': 1.0, '54': 1.0, '60': 1.0, '63': 1.0, '67': 3.0, '70': 1.0, '71': 1.0, '72': 1.0, '73': 1.0, '76': 2.0, '78': 1.0, '79': 1.0, '80': 3.0, '82': 2.0, '84': 1.0, '85': 1.0, '86': 2.0, '87': 1.0, '89': 3.0, '90': 2.0, '93': 1.0, '94': 1.0, '96': 1.0, '98': 1.0, '101': 1.0}, 'passesTotal': {'0': 1.0, '2': 1.0, '4': 1.0, '5': 3.0, '8': 3.0, '10': 1.0, '12': 2.0, '13': 1.0, '16': 1.0, '17': 1.0, '20': 2.0, '21': 3.0, '22': 1.0, '24': 3.0, '28': 2.0, '30': 2.0, '36': 1.0, '39': 4.0, '47': 1.0, '50': 3.0, '51': 1.0, '54': 1.0, '60': 1.0, '63': 1.0, '67': 3.0, '70': 1.0, '72': 1.0, '73': 1.0, '76': 2.0, '80': 3.0, '82': 2.0, '84': 1.0, '86': 1.0, '87': 1.0, '89': 3.0, '90': 2.0, '93': 1.0, '101': 1.0, '38': 1.0, '71': 1.0}, 'passesAccurate': {'0': 1.0, '2': 1.0, '4': 1.0, '5': 3.0, '8': 3.0, '10': 1.0, '12': 1.0, '13': 1.0, '16': 1.0, '17': 1.0, '20': 2.0, '21': 3.0, '22': 1.0, '24': 3.0, '28': 2.0, '30': 2.0, '36': 1.0, '39': 4.0, '47': 1.0, '50': 3.0, '51': 1.0, '54': 1.0, '60': 1.0, '63': 1.0, '67': 3.0, '70': 1.0, '72': 1.0, '73': 1.0, '76': 2.0, '80': 3.0, '82': 2.0, '84': 1.0, '86': 1.0, '87': 1.0, '89': 3.0, '90': 2.0, '93': 1.0, '101': 1.0}, 'passSuccess': {'0': 100.0, '2': 100.0, '4': 100.0, '5': 100.0, '8': 100.0, '10': 100.0, '12': 50.0, '13': 100.0, '16': 100.0, '17': 100.0, '20': 100.0, '21': 100.0, '22': 100.0, '24': 100.0, '28': 100.0, '30': 100.0, '36': 100.0, '39': 100.0, '47': 100.0, '50': 100.0, '51': 100.0, '54': 100.0, '60': 100.0, '63': 100.0, '67': 100.0, '70': 100.0, '72': 100.0, '73': 100.0, '76': 100.0, '80': 100.0, '82': 100.0, '84': 100.0, '86': 100.0, '87': 100.0, '89': 100.0, '90': 100.0, '93': 100.0, '101': 100.0, '38': 0.0, '71': 0.0}, 'aerialsTotal': {'96': 1.0, '98': 1.0, '45': 1.0, '94': 1.0}, 'aerialsWon': {'96': 1.0, '98': 1.0}, 'aerialSuccess': {'45': 0.0, '94': 0.0}, 'offensiveAerials': {'94': 1.0, '96': 1.0, '98': 1.0}, 'defensiveAerials': {'45': 1.0}, 'cornersTotal': {'98': 1.0}, 'throwInsTotal': {'85': 1.0, '86': 1.0}, 'throwInsAccurate': {'85': 1.0, '86': 1.0}, 'foulsCommited': {'75': 1.0, '94': 1.0}}",,,,,,,19
302312,6,Joe Rodon,DC,193,88,27,True,False,home,"{'possession': {'0': 2.0, '2': 1.0, '3': 1.0, '4': 2.0, '5': 2.0, '8': 2.0, '12': 3.0, '13': 1.0, '14': 1.0, '16': 1.0, '17': 1.0, '20': 3.0, '21': 2.0, '22': 3.0, '23': 1.0, '24': 2.0, '28': 2.0, '30': 1.0, '33': 1.0, '35': 3.0, '39': 4.0, '47': 3.0, '50': 1.0, '52': 1.0, '60': 1.0, '63': 1.0, '68': 1.0, '71': 1.0, '72': 1.0, '73': 1.0, '74': 1.0, '76': 2.0, '80': 3.0, '82': 3.0, '84': 2.0, '85': 1.0, '86': 1.0, '87': 4.0, '88': 3.0, '89': 1.0, '93': 1.0, '95': 1.0, '100': 1.0}, 'ratings': {'0': 5.99, '2': 5.99, '3': 5.99, '4': 6.0, '5': 6.0, '6': 6.27, '8': 6.27, '12': 6.4, '13': 6.41, '14': 6.42, '16': 6.55, '17': 6.55, '20': 6.57, '21': 6.57, '22': 6.38, '23': 6.38, '24': 6.39, '28': 6.39, '30': 6.4, '33': 6.46, '35': 6.46, '39': 6.47, '43': 6.52, '47': 6.52, '50': 6.53, '52': 6.53, '60': 6.53, '61': 6.33, '63': 6.33, '66': 6.38, '68': 6.38, '71': 6.39, '72': 6.39, '73': 6.39, '74': 6.39, '76': 6.4, '80': 6.4, '82': 6.41, '83': 6.46, '84': 6.46, '85': 6.47, '86': 6.47, '87': 6.48, '88': 6.49, '89': 6.49, '93': 6.5, '95': 6.49, '97': 6.59, '99': 6.67, '100': 6.67, '101': 6.72}, 'shotsTotal': {'6': 1.0, '66': 1.0}, 'shotsOnPost': {'6': 1.0}, 'shotsOffTarget': {'6': 1.0, '66': 1.0}, 'clearances': {'12': 1.0, '16': 1.0, '43': 1.0, '83': 1.0, '101': 1.0}, 'interceptions': {'97': 1.0}, 'touches': {'0': 2.0, '2': 1.0, '3': 1.0, '4': 2.0, '5': 2.0, '6': 1.0, '8': 2.0, '12': 4.0, '13': 1.0, '14': 1.0, '16': 2.0, '17': 1.0, '20': 3.0, '21': 2.0, '22': 3.0, '23': 1.0, '24': 2.0, '28': 2.0, '30': 1.0, '33': 1.0, '35': 3.0, '39': 4.0, '43': 1.0, '47': 3.0, '50': 1.0, '52': 1.0, '60': 1.0, '63': 1.0, '66': 1.0, '68': 1.0, '71': 1.0, '72': 1.0, '73': 1.0, '74': 1.0, '76': 2.0, '80': 3.0, '82': 3.0, '83': 1.0, '84': 2.0, '85': 1.0, '86': 1.0, '87': 4.0, '88': 3.0, '89': 1.0, '93': 1.0, '95': 1.0, '97': 1.0, '100': 1.0, '101': 1.0}, 'passesTotal': {'0': 2.0, '2': 1.0, '3': 1.0, '4': 2.0, '5': 2.0, '8': 2.0, '12': 3.0, '13': 1.0, '14': 1.0, '16': 1.0, '17': 1.0, '20': 3.0, '21': 2.0, '22': 3.0, '23': 1.0, '24': 2.0, '28': 2.0, '30': 1.0, '35': 3.0, '39': 4.0, '47': 3.0, '50': 1.0, '52': 1.0, '60': 1.0, '63': 1.0, '68': 1.0, '71': 1.0, '72': 1.0, '73': 1.0, '74': 1.0, '76': 2.0, '80': 3.0, '82': 3.0, '84': 2.0, '85': 1.0, '86': 1.0, '87': 4.0, '88': 3.0, '89': 1.0, '93': 1.0, '33': 1.0, '95': 1.0, '100': 1.0}, 'passesAccurate': {'0': 1.0, '2': 1.0, '3': 1.0, '4': 2.0, '5': 2.0, '8': 1.0, '12': 3.0, '13': 1.0, '14': 1.0, '16': 1.0, '17': 1.0, '20': 3.0, '21': 2.0, '22': 3.0, '23': 1.0, '24': 2.0, '28': 2.0, '30': 1.0, '35': 3.0, '39': 4.0, '47': 3.0, '50': 1.0, '52': 1.0, '60': 1.0, '63': 1.0, '68': 1.0, '71': 1.0, '72': 1.0, '73': 1.0, '74': 1.0, '76': 2.0, '80': 3.0, '82': 3.0, '84': 2.0, '85': 1.0, '86': 1.0, '87': 4.0, '88': 3.0, '89': 1.0, '93': 1.0}, 'passSuccess': {'0': 50.0, '2': 100.0, '3': 100.0, '4': 100.0, '5': 100.0, '8': 50.0, '12': 100.0, '13': 100.0, '14': 100.0, '16': 100.0, '17': 100.0, '20': 100.0, '21': 100.0, '22': 100.0, '23': 100.0, '24': 100.0, '28': 100.0, '30': 100.0, '35': 100.0, '39': 100.0, '47': 100.0, '50': 100.0, '52': 100.0, '60': 100.0, '63': 100.0, '68': 100.0, '71': 100.0, '72': 100.0, '73': 100.0, '74': 100.0, '76': 100.0, '80': 100.0, '82': 100.0, '84': 100.0, '85': 100.0, '86': 100.0, '87': 100.0, '88': 100.0, '89': 100.0, '93': 100.0, '33': 0.0, '95': 0.0, '100': 0.0}, 'aerialsTotal': {'6': 1.0, '12': 1.0, '16': 1.0, '66': 1.0, '99': 1.0}, 'aerialsWon': {'6': 1.0, '12': 1.0, '16': 1.0, '66': 1.0, '99': 1.0}, 'offensiveAerials': {'6': 1.0, '66': 1.0, '99': 1.0}, 'defensiveAerials': {'12': 1.0, '16': 1.0}}",,,,,,,19
330549,3,Gabriel Gudmundsson,DL,180,74,26,True,False,home,"{'possession': {'1': 1.0, '3': 1.0, '5': 1.0, '11': 2.0, '13': 2.0, '17': 2.0, '18': 1.0, '24': 2.0, '26': 1.0, '28': 1.0, '30': 2.0, '39': 1.0, '50': 1.0, '60': 1.0, '63': 1.0, '73': 1.0, '74': 1.0, '75': 1.0, '77': 1.0, '79': 2.0, '80': 1.0}, 'ratings': {'0': 6.0, '1': 6.0, '3': 6.0, '5': 6.0, '6': 6.05, '11': 6.19, '13': 6.2, '15': 6.25, '17': 6.25, '18': 6.25, '22': 6.09, '24': 6.17, '26': 6.17, '28': 6.17, '30': 6.16, '33': 6.25, '35': 6.3, '39': 6.3, '42': 6.26, '45': 6.48, '50': 6.43, '55': 6.48, '56': 6.47, '60': 6.47, '61': 5.44, '63': 5.44, '67': 5.41, '69': 5.37, '72': 5.41, '73': 5.42, '74': 5.47, '75': 5.47, '77': 5.45, '79': 5.6, '80': 5.62}, 'clearances': {'6': 1.0, '15': 1.0, '35': 1.0, '55': 1.0, '74': 1.0}, 'touches': {'1': 1.0, '3': 1.0, '5': 1.0, '6': 1.0, '11': 3.0, '13': 2.0, '15': 1.0, '17': 2.0, '18': 1.0, '24': 2.0, '26': 1.0, '28': 1.0, '30': 2.0, '35': 1.0, '39': 1.0, '41': 1.0, '42': 1.0, '45': 2.0, '50': 3.0, '55': 1.0, '60': 1.0, '61': 1.0, '63': 1.0, '67': 3.0, '72': 1.0, '73': 1.0, '74': 2.0, '75': 1.0, '77': 1.0, '79': 3.0, '80': 2.0}, 'passesTotal': {'3': 1.0, '5': 1.0, '11': 2.0, '13': 2.0, '17': 1.0, '18': 1.0, '24': 1.0, '26': 1.0, '30': 2.0, '39': 1.0, '60': 1.0, '63': 1.0, '73': 1.0, '74': 1.0, '75': 1.0, '79': 2.0, '1': 1.0, '28': 1.0, '50': 1.0, '77': 1.0, '80': 1.0}, 'passesAccurate': {'3': 1.0, '5': 1.0, '11': 2.0, '13': 2.0, '17': 1.0, '18': 1.0, '24': 1.0, '26': 1.0, '30': 1.0, '39': 1.0, '60': 1.0, '63': 1.0, '73': 1.0, '74': 1.0, '75': 1.0, '79': 2.0}, 'passSuccess': {'3': 100.0, '5': 100.0, '11': 100.0, '13': 100.0, '17': 100.0, '18': 100.0, '24': 100.0, '26': 100.0, '30': 50.0, '39': 100.0, '60': 100.0, '63': 100.0, '73': 100.0, '74': 100.0, '75': 100.0, '79': 100.0, '1': 0.0, '28': 0.0, '50': 0.0, '77': 0.0, '80': 0.0}, 'aerialsTotal': {'56': 1.0}, 'defensiveAerials': {'56': 1.0}, 'cornersTotal': {'17': 1.0}, 'throwInsTotal': {'41': 1.0, '50': 1.0, '67': 1.0}, 'throwInsAccurate': {'50': 1.0, '67': 1.0}, 'offsidesCaught': {'77': 1.0}, 'tacklesTotal': {'45': 2.0, '79': 1.0, '11': 1.0, '69': 1.0}, 'tackleSuccessful': {'45': 2.0, '79': 1.0}, 'tackleUnsuccesful': {'11': 1.0, '69': 1.0}, 'tackleSuccess': {'45': 100.0, '79': 100.0, '11': 0.0, '69': 0.0}, 'dribbledPast': {'11': 1.0, '69': 1.0}, 'dribblesWon': {'11': 1.0}, 'dribblesAttempted': {'11': 1.0}, 'dribbleSuccess': {'11': 100.0}, 'dispossessed': {'67': 1.0}, 'errors': {'61': 1.0}}",347340.0,"{'value': 2, 'displayName': 'SecondHalf'}",83.0,,,,19
401073,18,Anton Stach,MC,193,86,26,True,False,home,"{'possession': {'0': 1.0, '1': 1.0, '3': 2.0, '4': 1.0, '8': 1.0, '12': 1.0, '17': 1.0, '20': 1.0, '21': 1.0, '36': 1.0, '37': 2.0, '39': 1.0, '42': 1.0, '48': 1.0, '52': 3.0, '53': 2.0, '64': 1.0, '67': 1.0, '68': 1.0, '70': 1.0}, 'ratings': {'0': 5.99, '1': 5.98, '3': 5.98, '4': 5.95, '8': 6.09, '12': 6.1, '13': 6.06, '15': 6.15, '17': 6.15, '20': 6.15, '21': 6.19, '22': 6.05, '33': 6.17, '36': 6.43, '37': 6.44, '39': 6.44, '42': 6.43, '48': 6.47, '52': 6.48, '53': 6.65, '56': 6.62, '61': 6.49, '64': 6.48, '67': 6.48, '68': 6.48, '70': 6.47}, 'shotsTotal': {'4': 1.0}, 'shotsOffTarget': {'4': 1.0}, 'touches': {'0': 1.0, '1': 1.0, '3': 3.0, '4': 2.0, '8': 2.0, '12': 1.0, '13': 1.0, '15': 1.0, '17': 1.0, '20': 1.0, '21': 2.0, '23': 1.0, '30': 1.0, '36': 2.0, '37': 2.0, '39': 1.0, '42': 1.0, '48': 2.0, '52': 3.0, '53': 3.0, '56': 1.0, '64': 1.0, '67': 1.0, '68': 1.0, '70': 1.0}, 'passesTotal': {'3': 2.0, '4': 1.0, '8': 1.0, '12': 1.0, '17': 1.0, '20': 1.0, '21': 1.0, '37': 2.0, '39': 1.0, '42': 1.0, '52': 3.0, '53': 1.0, '68': 1.0, '0': 1.0, '1': 1.0, '48': 1.0, '64': 1.0, '67': 1.0, '70': 1.0}, 'passesAccurate': {'3': 2.0, '4': 1.0, '8': 1.0, '12': 1.0, '17': 1.0, '20': 1.0, '21': 1.0, '37': 2.0, '39': 1.0, '42': 1.0, '52': 2.0, '53': 1.0, '68': 1.0}, 'passesKey': {'53': 1.0}, 'passSuccess': {'3': 100.0, '4': 100.0, '8': 100.0, '12': 100.0, '17': 100.0, '20': 100.0, '21': 100.0, '37': 100.0, '39': 100.0, '42': 100.0, '52': 66.67, '53': 100.0, '68': 100.0, '0': 0.0, '1': 0.0, '48': 0.0, '64': 0.0, '67': 0.0, '70': 0.0}, 'foulsCommited': {'42': 1.0}, 'tacklesTotal': {'8': 1.0, '48': 2.0}, 'tackleSuccessful': {'8': 1.0, '48': 1.0}, 'tackleUnsuccesful': {'48': 1.0}, 'tackleSuccess': {'8': 100.0, '48': 50.0}, 'dribbledPast': {'48': 1.0}, 'dribblesWon': {'36': 1.0}, 'dribblesAttempted': {'36': 1.0}, 'dribbleSuccess': {'36': 100.0}, 'dispossessed': {'13': 1.0}}",423347.0,"{'value': 2, 'displayName': 'SecondHalf'}",71.0,,,,19
342811,8,Sean Longstaff,MC,180,65,27,True,False,home,"{'possession': {'0': 1.0, '1': 1.0, '3': 1.0, '4': 2.0, '6': 1.0, '12': 1.0, '17': 1.0, '18': 1.0, '25': 2.0, '26': 1.0, '28': 1.0, '33': 4.0, '36': 1.0, '37': 1.0, '39': 2.0, '46': 1.0, '47': 2.0, '50': 1.0, '51': 2.0, '52': 1.0, '53': 1.0, '54': 1.0, '60': 3.0, '66': 1.0, '67': 1.0, '68': 1.0, '78': 1.0, '79': 1.0, '80': 1.0, '81': 1.0, '82': 2.0, '86': 1.0, '88': 1.0, '89': 1.0, '90': 1.0, '95': 1.0, '96': 1.0, '98': 1.0, '99': 1.0, '101': 2.0}, 'ratings': {'0': 6.0, '1': 5.99, '3': 5.99, '4': 6.16, '6': 6.42, '7': 6.56, '12': 6.61, '13': 6.58, '16': 6.54, '17': 6.54, '18': 6.53, '22': 6.36, '25': 6.36, '26': 6.36, '28': 6.36, '30': 6.4, '33': 6.53, '36': 6.52, '37': 6.52, '39': 6.52, '46': 6.66, '47': 6.66, '50': 6.66, '51': 6.67, '52': 6.67, '53': 6.67, '54': 6.65, '60': 6.66, '61': 6.52, '64': 6.61, '66': 6.77, '67': 6.78, '68': 6.77, '70': 6.75, '75': 6.8, '78': 6.8, '79': 6.81, '80': 6.81, '81': 6.81, '82': 6.9, '83': 6.87, '86': 6.88, '88': 6.88, '89': 6.89, '90': 6.9, '95': 6.88, '96': 6.88, '98': 7.05, '99': 7.04, '101': 7.03}, 'shotsTotal': {'36': 2.0, '75': 1.0, '95': 1.0}, 'shotsOffTarget': {'36': 1.0, '75': 1.0, '95': 1.0}, 'shotsBlocked': {'36': 1.0}, 'touches': {'0': 1.0, '1': 1.0, '3': 1.0, '4': 2.0, '6': 1.0, '7': 1.0, '12': 3.0, '17': 1.0, '18': 1.0, '22': 1.0, '25': 2.0, '26': 1.0, '28': 1.0, '30': 1.0, '33': 4.0, '36': 3.0, '37': 1.0, '39': 2.0, '46': 2.0, '47': 2.0, '50': 1.0, '51': 2.0, '52': 1.0, '53': 1.0, '54': 1.0, '60': 3.0, '64': 1.0, '66': 1.0, '67': 1.0, '68': 1.0, '75': 1.0, '78': 1.0, '79': 1.0, '80': 1.0, '81': 1.0, '82': 2.0, '83': 1.0, '86': 1.0, '88': 1.0, '89': 1.0, '90': 1.0, '95': 2.0, '96': 1.0, '98': 1.0, '99': 1.0, '101': 2.0}, 'passesTotal': {'0': 1.0, '4': 1.0, '12': 1.0, '25': 2.0, '26': 1.0, '28': 1.0, '33': 4.0, '36': 1.0, '37': 1.0, '39': 2.0, '46': 1.0, '47': 2.0, '50': 1.0, '51': 2.0, '52': 1.0, '53': 1.0, '54': 1.0, '60': 3.0, '67': 1.0, '78': 1.0, '79': 1.0, '80': 1.0, '81': 1.0, '82': 2.0, '86': 1.0, '88': 1.0, '89': 1.0, '90': 1.0, '95': 1.0, '96': 1.0, '1': 1.0, '3': 1.0, '17': 1.0, '68': 1.0, '101': 2.0}, 'passesAccurate': {'0': 1.0, '4': 1.0, '12': 1.0, '25': 1.0, '26': 1.0, '28': 1.0, '33': 4.0, '36': 1.0, '37': 1.0, '39': 2.0, '46': 1.0, '47': 2.0, '50': 1.0, '51': 2.0, '52': 1.0, '53': 1.0, '54': 1.0, '60': 3.0, '67': 1.0, '78': 1.0, '79': 1.0, '80': 1.0, '81': 1.0, '82': 2.0, '86': 1.0, '88': 1.0, '89': 1.0, '90': 1.0, '95': 1.0, '96': 1.0}, 'passesKey': {'4': 1.0, '6': 1.0, '66': 1.0, '82': 1.0, '98': 1.0}, 'passSuccess': {'0': 100.0, '4': 100.0, '12': 100.0, '25': 50.0, '26': 100.0, '28': 100.0, '33': 100.0, '36': 100.0, '37': 100.0, '39': 100.0, '46': 100.0, '47': 100.0, '50': 100.0, '51': 100.0, '52': 100.0, '53': 100.0, '54': 100.0, '60': 100.0, '67': 100.0, '78': 100.0, '79': 100.0, '80': 100.0, '81': 100.0, '82': 100.0, '86': 100.0, '88': 100.0, '89': 100.0, '90': 100.0, '95': 100.0, '96': 100.0, '1': 0.0, '3': 0.0, '17': 0.0, '68': 0.0, '101': 0.0}, 'cornersAccurate': {'4': 1.0, '98': 1.0}, 'foulsCommited': {'70': 1.0}, 'tacklesTotal': {'7': 1.0, '46': 1.0, '12': 1.0, '64': 1.0, '13': 1.0, '16': 1.0, '54': 1.0}, 'tackleSuccessful': {'7': 1.0, '46': 1.0, '12': 1.0, '64': 1.0}, 'tackleUnsuccesful': {'13': 1.0, '16': 1.0, '54': 1.0}, 'tackleSuccess': {'7': 100.0, '46': 100.0, '12': 100.0, '64': 100.0, '13': 0.0, '16': 0.0, '54': 0.0}, 'dribbledPast': {'13': 1.0, '16': 1.0, '54': 1.0}, 'dispossessed': {'83': 1.0}}",,,,,,,19
322418,4,Ethan Ampadu,MC,182,78,25,True,False,home,"{'possession': {'1': 2.0, '2': 1.0, '3': 1.0, '4': 2.0, '5': 1.0, '11': 1.0, '12': 1.0, '16': 1.0, '17': 2.0, '20': 2.0, '21': 1.0, '22': 1.0, '23': 1.0, '24': 1.0, '28': 2.0, '29': 1.0, '33': 1.0, '36': 1.0, '38': 1.0, '41': 1.0, '46': 1.0, '47': 2.0, '50': 2.0, '51': 1.0, '52': 2.0, '55': 1.0, '60': 1.0, '63': 2.0, '67': 3.0, '74': 3.0, '76': 2.0, '80': 3.0, '81': 1.0, '82': 3.0, '84': 3.0, '85': 1.0, '86': 1.0, '87': 5.0, '88': 3.0, '89': 1.0, '90': 1.0, '93': 1.0, '94': 1.0, '96': 1.0, '101': 1.0}, 'ratings': {'0': 6.0, '1': 6.0, '2': 6.01, '3': 6.01, '4': 6.02, '5': 6.02, '9': 5.7, '11': 5.71, '12': 5.71, '16': 5.71, '17': 5.71, '18': 5.68, '20': 5.68, '21': 5.69, '22': 5.55, '23': 5.56, '24': 5.56, '28': 5.56, '29': 5.56, '33': 5.68, '36': 5.68, '38': 5.68, '40': 5.66, '41': 5.65, '43': 5.64, '46': 5.68, '47': 5.68, '50': 5.69, '51': 5.69, '52': 5.83, '55': 5.82, '56': 5.72, '60': 5.72, '61': 5.59, '63': 5.58, '67': 5.59, '71': 5.69, '74': 5.7, '76': 5.7, '80': 5.71, '81': 5.71, '82': 5.72, '84': 5.72, '85': 5.71, '86': 5.72, '87': 5.73, '88': 5.73, '89': 5.84, '90': 5.86, '91': 5.94, '93': 5.99, '94': 6.07, '96': 6.24, '101': 6.33}, 'clearances': {'9': 1.0, '56': 1.0, '93': 1.0}, 'interceptions': {'71': 1.0, '101': 1.0}, 'touches': {'1': 2.0, '2': 1.0, '3': 1.0, '4': 3.0, '5': 1.0, '9': 1.0, '11': 1.0, '12': 1.0, '14': 1.0, '16': 1.0, '17': 2.0, '18': 2.0, '20': 2.0, '21': 1.0, '22': 1.0, '23': 1.0, '24': 1.0, '27': 2.0, '28': 2.0, '29': 1.0, '33': 1.0, '36': 1.0, '38': 2.0, '41': 1.0, '46': 2.0, '47': 2.0, '50': 2.0, '51': 1.0, '52': 3.0, '55': 1.0, '56': 2.0, '60': 1.0, '63': 2.0, '67': 3.0, '71': 1.0, '74': 3.0, '76': 2.0, '80': 3.0, '81': 1.0, '82': 3.0, '84': 3.0, '85': 1.0, '86': 1.0, '87': 5.0, '88': 3.0, '89': 3.0, '90': 1.0, '91': 1.0, '93': 2.0, '94': 1.0, '95': 1.0, '96': 1.0, '101': 2.0}, 'passesTotal': {'1': 2.0, '2': 1.0, '3': 1.0, '4': 2.0, '5': 1.0, '11': 1.0, '12': 1.0, '16': 1.0, '17': 2.0, '20': 2.0, '21': 1.0, '22': 1.0, '23': 1.0, '24': 1.0, '28': 2.0, '33': 1.0, '36': 1.0, '46': 1.0, '47': 2.0, '50': 2.0, '51': 1.0, '52': 2.0, '60': 1.0, '63': 2.0, '67': 3.0, '74': 3.0, '76': 2.0, '80': 3.0, '81': 1.0, '82': 3.0, '84': 3.0, '86': 1.0, '87': 5.0, '88': 3.0, '89': 1.0, '90': 1.0, '29': 1.0, '38': 1.0, '41': 1.0, '55': 1.0, '85': 1.0, '93': 1.0, '101': 1.0}, 'passesAccurate': {'1': 2.0, '2': 1.0, '3': 1.0, '4': 2.0, '5': 1.0, '11': 1.0, '12': 1.0, '16': 1.0, '17': 2.0, '20': 2.0, '21': 1.0, '22': 1.0, '23': 1.0, '24': 1.0, '28': 2.0, '33': 1.0, '36': 1.0, '46': 1.0, '47': 2.0, '50': 2.0, '51': 1.0, '52': 2.0, '60': 1.0, '63': 1.0, '67': 3.0, '74': 3.0, '76': 2.0, '80': 3.0, '81': 1.0, '82': 3.0, '84': 3.0, '86': 1.0, '87': 5.0, '88': 3.0, '89': 1.0, '90': 1.0}, 'passesKey': {'96': 1.0}, 'passSuccess': {'1': 100.0, '2': 100.0, '3': 100.0, '4': 100.0, '5': 100.0, '11': 100.0, '12': 100.0, '16': 100.0, '17': 100.0, '20': 100.0, '21': 100.0, '22': 100.0, '23': 100.0, '24': 100.0, '28': 100.0, '33': 100.0, '36': 100.0, '46': 100.0, '47': 100.0, '50': 100.0, '51': 100.0, '52': 100.0, '60': 100.0, '63': 50.0, '67': 100.0, '74': 100.0, '76': 100.0, '80': 100.0, '81': 100.0, '82': 100.0, '84': 100.0, '86': 100.0, '87': 100.0, '88': 100.0, '89': 100.0, '90': 100.0, '29': 0.0, '38': 0.0, '41': 0.0, '55': 0.0, '85': 0.0, '93': 0.0, '101': 0.0}, 'aerialsTotal': {'40': 1.0}, 'offensiveAerials': {'40': 1.0}, 'throwInsTotal': {'18': 1.0, '27': 2.0, '38': 1.0, '95': 1.0}, 'throwInsAccurate': {'27': 1.0, '38': 1.0, '95': 1.0}, 'foulsCommited': {'43': 1.0, '56': 1.0}, 'tacklesTotal': {'52': 1.0, '89': 1.0, '9': 1.0}, 'tackleSuccessful': {'52': 1.0, '89': 1.0}, 'tackleUnsuccesful': {'9': 1.0}, 'tackleSuccess': {'52': 100.0, '89': 100.0, '9': 0.0}, 'dribbledPast': {'9': 1.0}, 'errors': {'9': 1.0}}",,,,,,,19
371012,11,Brenden Aaronson,FWR,177,68,24,True,False,home,"{'possession': {'0': 1.0, '6': 1.0, '17': 1.0, '23': 1.0, '24': 1.0, '25': 1.0, '27': 1.0, '28': 1.0, '33': 1.0, '35': 1.0, '36': 1.0, '38': 1.0, '39': 1.0, '50': 1.0, '51': 1.0, '52': 2.0, '63': 1.0, '67': 1.0}, 'ratings': {'0': 6.14, '6': 6.14, '12': 6.16, '14': 6.09, '17': 6.09, '22': 6.0, '23': 6.0, '24': 6.0, '25': 6.0, '27': 6.0, '28': 6.0, '33': 6.41, '35': 6.45, '36': 6.54, '38': 6.54, '39': 6.51, '46': 6.49, '50': 6.49, '51': 6.45, '52': 6.49, '54': 6.46, '55': 6.42, '61': 6.34, '63': 6.34, '67': 6.34}, 'shotsTotal': {'33': 1.0}, 'shotsOnTarget': {'33': 1.0}, 'touches': {'0': 2.0, '6': 1.0, '12': 1.0, '14': 2.0, '17': 1.0, '23': 1.0, '24': 1.0, '25': 1.0, '27': 1.0, '28': 1.0, '33': 2.0, '35': 2.0, '36': 1.0, '38': 1.0, '39': 2.0, '46': 1.0, '50': 1.0, '51': 2.0, '52': 3.0, '54': 1.0, '63': 1.0, '67': 1.0}, 'passesTotal': {'0': 1.0, '6': 1.0, '23': 1.0, '25': 1.0, '27': 1.0, '28': 1.0, '35': 1.0, '36': 1.0, '38': 1.0, '39': 1.0, '50': 1.0, '52': 2.0, '63': 1.0, '67': 1.0, '33': 1.0, '51': 1.0}, 'passesAccurate': {'0': 1.0, '6': 1.0, '23': 1.0, '25': 1.0, '27': 1.0, '28': 1.0, '35': 1.0, '36': 1.0, '38': 1.0, '39': 1.0, '50': 1.0, '52': 2.0, '63': 1.0, '67': 1.0}, 'passesKey': {'36': 1.0}, 'passSuccess': {'0': 100.0, '6': 100.0, '23': 100.0, '25': 100.0, '27': 100.0, '28': 100.0, '35': 100.0, '36': 100.0, '38': 100.0, '39': 100.0, '50': 100.0, '52': 100.0, '63': 100.0, '67': 100.0, '33': 0.0, '51': 0.0}, 'aerialsTotal': {'33': 1.0, '12': 1.0}, 'aerialsWon': {'33': 1.0}, 'aerialSuccess': {'12': 0.0}, 'offensiveAerials': {'33': 1.0}, 'defensiveAerials': {'12': 1.0}, 'tacklesTotal': {'0': 1.0, '55': 1.0}, 'tackleSuccessful': {'0': 1.0}, 'tackleUnsuccesful': {'55': 1.0}, 'tackleSuccess': {'0': 100.0, '55': 0.0}, 'dribbledPast': {'55': 1.0}, 'dribblesAttempted': {'46': 1.0}, 'dribblesLost': {'46': 1.0}, 'dispossessed': {'14': 1.0, '51': 1.0}}",317896.0,"{'value': 2, 'displayName': 'SecondHalf'}",71.0,,,,19
141469,9,Dominic Calvert-Lewin,FW,187,71,28,True,False,home,"{'possession': {'6': 1.0, '11': 1.0, '14': 2.0, '26': 1.0, '33': 1.0, '67': 1.0, '70': 1.0, '81': 1.0, '90': 1.0, '93': 1.0, '94': 1.0, '97': 1.0}, 'ratings': {'0': 6.0, '1': 5.97, '3': 5.95, '6': 6.04, '11': 6.02, '14': 6.04, '16': 6.09, '22': 6.02, '23': 6.0, '25': 5.84, '26': 5.83, '27': 5.81, '33': 6.1, '40': 6.06, '44': 6.05, '46': 6.03, '47': 6.02, '52': 6.18, '61': 6.12, '67': 6.12, '70': 6.12, '78': 6.07, '81': 6.17, '90': 6.18, '93': 6.16, '94': 6.24, '97': 6.41}, 'shotsTotal': {'25': 1.0, '52': 1.0}, 'shotsOnTarget': {'52': 1.0}, 'shotsOffTarget': {'25': 1.0}, 'clearances': {'16': 1.0}, 'touches': {'1': 1.0, '3': 1.0, '6': 1.0, '11': 1.0, '14': 2.0, '16': 1.0, '20': 1.0, '23': 1.0, '25': 1.0, '26': 1.0, '27': 1.0, '33': 1.0, '40': 1.0, '52': 1.0, '67': 1.0, '70': 1.0, '78': 1.0, '81': 1.0, '90': 1.0, '93': 1.0, '94': 1.0, '97': 1.0}, 'passesTotal': {'6': 1.0, '14': 2.0, '26': 1.0, '33': 1.0, '67': 1.0, '70': 1.0, '81': 1.0, '90': 1.0, '93': 1.0, '97': 1.0, '11': 1.0, '94': 1.0}, 'passesAccurate': {'6': 1.0, '14': 2.0, '26': 1.0, '33': 1.0, '67': 1.0, '70': 1.0, '81': 1.0, '90': 1.0, '93': 1.0, '97': 1.0}, 'passesKey': {'6': 1.0, '33': 1.0, '97': 1.0}, 'passSuccess': {'6': 100.0, '14': 100.0, '26': 100.0, '33': 100.0, '67': 100.0, '70': 100.0, '81': 100.0, '90': 100.0, '93': 100.0, '97': 100.0, '11': 0.0, '94': 0.0}, 'aerialsTotal': {'94': 1.0, '97': 1.0, '26': 1.0, '46': 1.0, '93': 1.0}, 'aerialsWon': {'94': 1.0, '97': 1.0}, 'aerialSuccess': {'26': 0.0, '46': 0.0, '93': 0.0}, 'offensiveAerials': {'26': 1.0, '46': 1.0, '93': 1.0, '94': 1.0, '97': 1.0}, 'foulsCommited': {'44': 1.0, '47': 1.0, '78': 1.0}, 'dribblesAttempted': {'3': 1.0, '23': 1.0, '27': 1.0}, 'dribblesLost': {'3': 1.0, '23': 1.0, '27': 1.0}}",,,,,,,19
376090,19,Noah Okafor,FWL,185,85,25,True,False,home,"{'possession': {'8': 1.0, '11': 1.0, '17': 1.0, '18': 1.0, '37': 1.0, '39': 1.0, '52': 1.0, '54': 1.0, '60': 1.0, '64': 1.0, '67': 1.0, '73': 1.0, '76': 1.0, '80': 1.0, '82': 1.0}, 'ratings': {'0': 6.0, '3': 5.97, '5': 5.98, '8': 5.99, '11': 5.96, '17': 5.95, '18': 5.97, '22': 5.88, '25': 6.06, '28': 6.03, '33': 7.0, '36': 6.96, '37': 6.96, '39': 6.96, '41': 6.93, '48': 7.06, '52': 7.15, '54': 7.15, '60': 7.16, '61': 7.07, '63': 7.04, '64': 7.2, '67': 7.21, '68': 7.09, '70': 7.08, '73': 7.01, '76': 7.02, '79': 6.98, '80': 6.98, '81': 7.02, '82': 7.02}, 'shotsTotal': {'33': 1.0}, 'shotsOnTarget': {'33': 1.0}, 'touches': {'3': 1.0, '5': 2.0, '8': 1.0, '11': 2.0, '17': 1.0, '18': 1.0, '25': 1.0, '28': 1.0, '33': 1.0, '36': 1.0, '37': 1.0, '39': 1.0, '41': 1.0, '48': 3.0, '52': 1.0, '54': 1.0, '60': 1.0, '63': 1.0, '64': 2.0, '67': 1.0, '70': 2.0, '73': 2.0, '76': 1.0, '77': 1.0, '79': 1.0, '80': 1.0, '81': 1.0, '82': 1.0}, 'passesTotal': {'8': 1.0, '11': 1.0, '18': 1.0, '39': 1.0, '52': 1.0, '54': 1.0, '60': 1.0, '67': 1.0, '73': 1.0, '76': 1.0, '80': 1.0, '82': 1.0, '17': 1.0}, 'passesAccurate': {'8': 1.0, '11': 1.0, '18': 1.0, '39': 1.0, '52': 1.0, '54': 1.0, '60': 1.0, '67': 1.0, '73': 1.0, '76': 1.0, '80': 1.0, '82': 1.0}, 'passesKey': {'25': 1.0, '52': 1.0}, 'passSuccess': {'8': 100.0, '11': 100.0, '18': 100.0, '39': 100.0, '52': 100.0, '54': 100.0, '60': 100.0, '67': 100.0, '73': 100.0, '76': 100.0, '80': 100.0, '82': 100.0, '17': 0.0}, 'cornersTotal': {'3': 1.0}, 'foulsCommited': {'68': 1.0}, 'tacklesTotal': {'48': 2.0, '73': 1.0}, 'tackleSuccessful': {'48': 2.0}, 'tackleUnsuccesful': {'73': 1.0}, 'tackleSuccess': {'48': 100.0, '73': 0.0}, 'dribbledPast': {'73': 1.0}, 'dribblesWon': {'64': 1.0}, 'dribblesAttempted': {'64': 1.0, '5': 1.0, '70': 1.0}, 'dribblesLost': {'5': 1.0, '70': 1.0}, 'dribbleSuccess': {'64': 100.0, '5': 0.0, '70': 0.0}, 'dispossessed': {'11': 1.0}}",369542.0,"{'value': 2, 'displayName': 'SecondHalf'}",83.0,,,,19
347340,14,Lukas Nmecha,Sub,185,80,26,,False,home,"{'possession': {'96': 1.0, '99': 1.0}, 'ratings': {'83': 6.0, '95': 5.97, '96': 5.97, '99': 5.96}, 'touches': {'95': 1.0, '96': 1.0, '99': 1.0}, 'passesTotal': {'96': 1.0, '99': 1.0}, 'passesAccurate': {'96': 1.0}, 'passSuccess': {'96': 100.0, '99': 0.0}, 'dispossessed': {'95': 1.0}}",,,,"{'value': 2, 'displayName': 'SecondHalf'}",83.0,330549.0,19
423347,22,Ao Tanaka,Sub,180,75,27,,False,home,"{'possession': {'73': 1.0, '74': 4.0, '75': 1.0, '76': 1.0, '80': 2.0, '81': 4.0, '82': 3.0, '85': 1.0, '86': 1.0, '87': 2.0, '88': 1.0, '89': 3.0, '90': 2.0, '93': 1.0, '94': 1.0, '96': 1.0, '97': 1.0}, 'ratings': {'71': 6.0, '73': 6.0, '74': 6.02, '75': 6.11, '76': 6.11, '80': 6.11, '81': 6.12, '82': 6.12, '85': 6.13, '86': 6.13, '87': 6.13, '88': 6.13, '89': 6.14, '90': 6.14, '91': 6.22, '93': 6.22, '94': 6.21, '96': 6.29, '97': 6.29}, 'touches': {'73': 1.0, '74': 5.0, '75': 1.0, '76': 1.0, '80': 2.0, '81': 4.0, '82': 3.0, '85': 1.0, '86': 1.0, '87': 2.0, '88': 1.0, '89': 3.0, '90': 2.0, '91': 1.0, '93': 1.0, '94': 1.0, '96': 1.0, '97': 1.0}, 'passesTotal': {'73': 1.0, '74': 4.0, '75': 1.0, '76': 1.0, '80': 2.0, '81': 4.0, '82': 3.0, '85': 1.0, '86': 1.0, '87': 2.0, '88': 1.0, '89': 3.0, '90': 2.0, '93': 1.0, '94': 1.0, '96': 1.0, '97': 1.0}, 'passesAccurate': {'73': 1.0, '74': 4.0, '75': 1.0, '76': 1.0, '80': 2.0, '81': 3.0, '82': 2.0, '85': 1.0, '86': 1.0, '87': 2.0, '88': 1.0, '89': 3.0, '90': 1.0, '93': 1.0, '94': 1.0, '96': 1.0, '97': 1.0}, 'passesKey': {'75': 1.0}, 'passSuccess': {'73': 100.0, '74': 100.0, '75': 100.0, '76': 100.0, '80': 100.0, '81': 75.0, '82': 66.67, '85': 100.0, '86': 100.0, '87': 100.0, '88': 100.0, '89': 100.0, '90': 50.0, '93': 100.0, '94': 100.0, '96': 100.0, '97': 100.0}, 'aerialsTotal': {'91': 1.0, '96': 1.0, '94': 1.0}, 'aerialsWon': {'91': 1.0, '96': 1.0}, 'aerialSuccess': {'94': 0.0}, 'defensiveAerials': {'91': 1.0, '94': 1.0, '96': 1.0}}",,,,"{'value': 2, 'displayName': 'SecondHalf'}",71.0,401073.0,19
369542,10,Joël Piroe,Sub,181,74,26,,False,home,"{'possession': {'86': 2.0, '87': 1.0, '90': 1.0, '93': 2.0, '99': 2.0}, 'ratings': {'83': 6.0, '86': 6.01, '87': 6.01, '90': 6.02, '93': 6.1, '98': 6.26, '99': 6.26, '101': 6.23}, 'shotsTotal': {'98': 1.0}, 'shotsOnTarget': {'98': 1.0}, 'touches': {'86': 2.0, '87': 1.0, '90': 1.0, '93': 2.0, '98': 1.0, '99': 2.0, '101': 1.0}, 'passesTotal': {'86': 2.0, '87': 1.0, '90': 1.0, '93': 2.0, '99': 2.0}, 'passesAccurate': {'86': 2.0, '87': 1.0, '90': 1.0, '93': 1.0, '99': 1.0}, 'passSuccess': {'86': 100.0, '87': 100.0, '90': 100.0, '93': 50.0, '99': 50.0}, 'aerialsTotal': {'93': 1.0}, 'aerialsWon': {'93': 1.0}, 'offensiveAerials': {'93': 1.0}, 'cornersTotal': {'98': 1.0}, 'dispossessed': {'101': 1.0}}",,,,"{'value': 2, 'displayName': 'SecondHalf'}",83.0,376090.0,19
317896,20,Jack Harrison,Sub,175,70,28,,False,home,"{'possession': {'72': 1.0, '73': 1.0, '76': 1.0, '81': 1.0, '82': 1.0, '85': 1.0, '86': 3.0, '89': 2.0, '90': 2.0, '93': 1.0, '96': 2.0, '99': 2.0, '101': 1.0}, 'ratings': {'71': 6.0, '72': 5.99, '73': 6.0, '76': 6.01, '81': 5.98, '82': 5.98, '85': 5.96, '86': 5.94, '88': 5.98, '89': 5.98, '90': 5.98, '93': 5.98, '96': 5.97, '99': 6.05, '101': 6.06}, 'touches': {'72': 1.0, '73': 1.0, '76': 1.0, '81': 2.0, '82': 1.0, '85': 2.0, '86': 3.0, '88': 1.0, '89': 2.0, '90': 2.0, '93': 1.0, '96': 2.0, '99': 2.0, '101': 1.0}, 'passesTotal': {'73': 1.0, '76': 1.0, '81': 1.0, '82': 1.0, '86': 2.0, '89': 2.0, '90': 2.0, '93': 1.0, '96': 2.0, '99': 1.0, '101': 1.0, '72': 1.0, '85': 1.0}, 'passesAccurate': {'73': 1.0, '76': 1.0, '81': 1.0, '82': 1.0, '86': 1.0, '89': 2.0, '90': 1.0, '93': 1.0, '96': 1.0, '99': 1.0, '101': 1.0}, 'passSuccess': {'73': 100.0, '76': 100.0, '81': 100.0, '82': 100.0, '86': 50.0, '89': 100.0, '90': 50.0, '93': 100.0, '96': 50.0, '99': 100.0, '101': 100.0, '72': 0.0, '85': 0.0}, 'aerialsTotal': {'96': 1.0}, 'offensiveAerials': {'96': 1.0}, 'dribblesAttempted': {'85': 1.0}, 'dribblesLost': {'85': 1.0}}",,,,"{'value': 2, 'displayName': 'SecondHalf'}",71.0,371012.0,19
301441,24,James Justin,Sub,183,80,27,,False,home,"{'possession': {'95': 2.0, '96': 1.0, '97': 1.0}, 'ratings': {'93': 6.0, '95': 6.01, '96': 6.01, '97': 6.01}, 'touches': {'95': 2.0, '96': 1.0, '97': 1.0}, 'passesTotal': {'95': 2.0, '96': 1.0, '97': 1.0}, 'passesAccurate': {'95': 1.0}, 'passSuccess': {'95': 50.0, '96': 0.0, '97': 0.0}}",,,,"{'value': 2, 'displayName': 'SecondHalf'}",93.0,354291.0,19
364235,23,Sebastiaan Bornauw,Sub,191,81,26,,False,home,{},,,,,,,19
382590,44,Ilia Gruev,Sub,185,72,25,,False,home,{},,,,,,,19
380580,16,Illan Meslier,Sub,197,74,25,,False,home,{},,,,,,,19
360941,15,Jaka Bijol,Sub,190,85,26,,False,home,{},,,,,,,19
147863,1,Guglielmo Vicario,GK,194,83,29,True,False,away,"{'totalSaves': {'33': 1.0, '52': 1.0, '98': 1.0}, 'parriedDanger': {'33': 1.0, '52': 1.0, '98': 1.0}, 'possession': {'0': 1.0, '4': 1.0, '6': 1.0, '8': 1.0, '10': 1.0, '11': 1.0, '13': 1.0, '14': 2.0, '25': 2.0, '28': 1.0, '29': 1.0, '35': 1.0, '36': 1.0, '37': 1.0, '42': 2.0, '61': 1.0, '66': 1.0, '69': 1.0, '72': 1.0, '74': 1.0, '75': 1.0, '76': 1.0, '78': 1.0, '83': 1.0, '84': 1.0, '86': 1.0, '90': 1.0, '91': 1.0, '94': 1.0, '96': 1.0, '97': 2.0, '101': 1.0}, 'ratings': {'0': 5.99, '4': 5.99, '6': 5.99, '8': 5.99, '10': 6.0, '11': 6.01, '13': 6.01, '14': 6.01, '22': 6.06, '25': 6.07, '28': 6.07, '29': 6.08, '33': 6.18, '35': 6.17, '36': 6.17, '37': 6.17, '42': 6.17, '52': 6.37, '61': 6.42, '66': 6.43, '69': 6.43, '72': 6.44, '74': 6.43, '75': 6.43, '76': 6.43, '78': 6.42, '83': 6.42, '84': 6.41, '86': 6.4, '90': 6.41, '91': 6.4, '94': 6.51, '96': 6.5, '97': 6.5, '98': 6.86, '100': 6.87, '101': 6.86}, 'touches': {'0': 1.0, '4': 1.0, '6': 1.0, '8': 1.0, '10': 1.0, '11': 1.0, '13': 1.0, '14': 2.0, '25': 2.0, '28': 1.0, '29': 1.0, '33': 1.0, '35': 1.0, '36': 1.0, '37': 1.0, '42': 2.0, '52': 1.0, '61': 1.0, '66': 1.0, '69': 1.0, '72': 1.0, '74': 1.0, '75': 1.0, '76': 1.0, '78': 1.0, '83': 1.0, '84': 1.0, '86': 1.0, '90': 1.0, '91': 1.0, '94': 2.0, '96': 1.0, '97': 2.0, '98': 1.0, '101': 1.0}, 'passesTotal': {'4': 1.0, '6': 1.0, '8': 1.0, '13': 1.0, '14': 2.0, '25': 2.0, '28': 1.0, '29': 1.0, '36': 1.0, '37': 1.0, '42': 2.0, '61': 1.0, '66': 1.0, '69': 1.0, '72': 1.0, '75': 1.0, '76': 1.0, '83': 1.0, '97': 2.0, '0': 1.0, '35': 1.0, '74': 1.0, '78': 1.0, '84': 1.0, '86': 1.0, '91': 1.0, '94': 1.0, '96': 1.0, '101': 1.0}, 'passesAccurate': {'4': 1.0, '6': 1.0, '8': 1.0, '13': 1.0, '14': 2.0, '25': 2.0, '28': 1.0, '29': 1.0, '36': 1.0, '37': 1.0, '42': 2.0, '61': 1.0, '66': 1.0, '69': 1.0, '72': 1.0, '75': 1.0, '76': 1.0, '83': 1.0, '97': 1.0}, 'passSuccess': {'4': 100.0, '6': 100.0, '8': 100.0, '13': 100.0, '14': 100.0, '25': 100.0, '28': 100.0, '29': 100.0, '36': 100.0, '37': 100.0, '42': 100.0, '61': 100.0, '66': 100.0, '69': 100.0, '72': 100.0, '75': 100.0, '76': 100.0, '83': 100.0, '97': 50.0, '0': 0.0, '35': 0.0, '74': 0.0, '78': 0.0, '84': 0.0, '86': 0.0, '91': 0.0, '94': 0.0, '96': 0.0, '101': 0.0}, 'aerialsTotal': {'94': 1.0}, 'aerialsWon': {'94': 1.0}, 'defensiveAerials': {'94': 1.0}}",,,,,,,30
362352,23,Pedro Porro,DR,173,69,26,True,False,away,"{'possession': {'0': 2.0, '4': 3.0, '6': 1.0, '9': 2.0, '10': 1.0, '13': 1.0, '14': 1.0, '15': 2.0, '16': 1.0, '19': 2.0, '22': 1.0, '28': 1.0, '29': 2.0, '35': 1.0, '37': 1.0, '42': 1.0, '43': 1.0, '45': 1.0, '48': 1.0, '51': 2.0, '53': 1.0, '54': 1.0, '55': 2.0, '56': 2.0, '61': 1.0, '63': 1.0, '65': 1.0, '66': 1.0, '69': 2.0, '71': 2.0, '72': 1.0, '79': 3.0, '83': 1.0, '87': 1.0, '92': 1.0, '93': 1.0}, 'ratings': {'0': 5.98, '2': 6.03, '4': 6.01, '5': 6.0, '6': 5.98, '8': 5.95, '9': 5.95, '10': 5.94, '11': 6.03, '13': 6.04, '14': 6.04, '15': 6.05, '16': 6.04, '17': 6.09, '19': 6.1, '22': 6.17, '24': 6.22, '28': 6.22, '29': 6.22, '33': 6.11, '35': 6.1, '36': 5.7, '37': 5.7, '41': 5.75, '42': 5.75, '43': 5.74, '45': 5.74, '48': 5.75, '51': 5.75, '53': 5.73, '54': 5.73, '55': 5.74, '56': 5.77, '61': 5.84, '63': 5.81, '64': 5.78, '65': 5.78, '66': 5.77, '68': 5.91, '69': 5.91, '71': 5.9, '72': 5.89, '73': 5.94, '77': 5.96, '79': 5.94, '81': 5.93, '83': 5.92, '85': 6.05, '86': 6.06, '87': 6.05, '92': 6.04, '93': 6.03, '96': 6.16, '101': 6.21}, 'clearances': {'2': 1.0, '24': 1.0, '33': 1.0, '41': 1.0, '73': 1.0, '96': 1.0, '101': 1.0}, 'interceptions': {'68': 1.0}, 'touches': {'0': 2.0, '2': 1.0, '4': 3.0, '6': 1.0, '7': 1.0, '8': 1.0, '9': 2.0, '10': 1.0, '11': 1.0, '13': 1.0, '14': 1.0, '15': 2.0, '16': 1.0, '17': 2.0, '18': 1.0, '19': 2.0, '22': 1.0, '24': 1.0, '28': 2.0, '29': 2.0, '33': 1.0, '35': 1.0, '36': 1.0, '37': 1.0, '41': 1.0, '42': 2.0, '43': 1.0, '45': 1.0, '48': 1.0, '51': 2.0, '53': 2.0, '54': 1.0, '55': 2.0, '56': 3.0, '61': 1.0, '63': 4.0, '65': 1.0, '66': 1.0, '68': 2.0, '69': 2.0, '71': 2.0, '72': 1.0, '73': 1.0, '77': 1.0, '79': 4.0, '83': 1.0, '85': 1.0, '87': 1.0, '92': 1.0, '93': 1.0, '96': 1.0, '101': 1.0}, 'passesTotal': {'4': 3.0, '9': 2.0, '13': 1.0, '14': 1.0, '15': 2.0, '19': 2.0, '28': 1.0, '29': 2.0, '37': 1.0, '42': 1.0, '45': 1.0, '48': 1.0, '51': 1.0, '54': 1.0, '55': 2.0, '56': 1.0, '63': 1.0, '65': 1.0, '69': 2.0, '71': 2.0, '79': 3.0, '0': 2.0, '6': 1.0, '10': 1.0, '22': 1.0, '35': 1.0, '53': 1.0, '61': 1.0, '66': 1.0, '72': 1.0, '83': 1.0, '87': 1.0, '93': 1.0}, 'passesAccurate': {'4': 1.0, '9': 2.0, '13': 1.0, '14': 1.0, '15': 2.0, '19': 2.0, '28': 1.0, '29': 2.0, '37': 1.0, '42': 1.0, '45': 1.0, '48': 1.0, '51': 1.0, '54': 1.0, '55': 2.0, '56': 1.0, '63': 1.0, '65': 1.0, '69': 1.0, '71': 1.0, '79': 2.0}, 'passSuccess': {'4': 33.33, '9': 100.0, '13': 100.0, '14': 100.0, '15': 100.0, '19': 100.0, '28': 100.0, '29': 100.0, '37': 100.0, '42': 100.0, '45': 100.0, '48': 100.0, '51': 100.0, '54': 100.0, '55': 100.0, '56': 100.0, '63': 100.0, '65': 100.0, '69': 50.0, '71': 50.0, '79': 66.67, '0': 0.0, '6': 0.0, '10': 0.0, '22': 0.0, '35': 0.0, '53': 0.0, '61': 0.0, '66': 0.0, '72': 0.0, '83': 0.0, '87': 0.0, '93': 0.0}, 'aerialsTotal': {'96': 1.0}, 'aerialsWon': {'96': 1.0}, 'defensiveAerials': {'96': 1.0}, 'throwInsTotal': {'7': 1.0, '42': 1.0, '53': 1.0, '63': 1.0}, 'throwInsAccurate': {'7': 1.0, '42': 1.0, '53': 1.0, '63': 1.0}, 'foulsCommited': {'5': 1.0, '81': 1.0}, 'tacklesTotal': {'85': 1.0, '11': 1.0, '36': 1.0, '64': 1.0}, 'tackleSuccessful': {'85': 1.0, '11': 1.0}, 'tackleUnsuccesful': {'36': 1.0, '64': 1.0}, 'tackleSuccess': {'85': 100.0, '11': 100.0, '36': 0.0, '64': 0.0}, 'dribbledPast': {'36': 1.0, '64': 1.0}, 'dribblesAttempted': {'79': 1.0}, 'dribblesLost': {'79': 1.0}, 'dispossessed': {'8': 1.0}, 'errors': {'36': 1.0}}",,,,,,,30
323663,17,Cristian Romero,DC,185,78,27,True,False,away,"{'possession': {'0': 1.0, '1': 1.0, '2': 1.0, '3': 1.0, '4': 1.0, '6': 1.0, '7': 4.0, '8': 1.0, '9': 1.0, '10': 2.0, '11': 2.0, '13': 1.0, '14': 1.0, '19': 3.0, '28': 1.0, '29': 2.0, '35': 1.0, '36': 1.0, '37': 1.0, '42': 2.0, '45': 1.0, '48': 2.0, '51': 1.0, '54': 1.0, '55': 1.0, '61': 3.0, '63': 1.0, '65': 2.0, '66': 1.0, '69': 1.0, '70': 1.0, '71': 1.0, '72': 1.0, '75': 1.0, '76': 1.0, '79': 1.0, '83': 1.0, '85': 1.0}, 'ratings': {'0': 6.0, '1': 5.99, '2': 5.99, '3': 6.03, '4': 6.03, '6': 6.03, '7': 6.04, '8': 6.04, '9': 6.04, '10': 6.05, '11': 6.06, '12': 6.04, '13': 6.04, '14': 6.05, '17': 6.1, '19': 6.11, '22': 6.18, '23': 6.23, '25': 6.33, '28': 6.33, '29': 6.33, '33': 6.13, '35': 6.14, '36': 6.14, '37': 6.14, '42': 6.14, '45': 6.13, '47': 6.17, '48': 6.14, '51': 6.14, '54': 6.14, '55': 6.15, '61': 6.23, '63': 6.23, '64': 6.2, '65': 6.2, '66': 6.2, '68': 6.1, '69': 6.11, '70': 6.25, '71': 6.25, '72': 6.25, '73': 6.3, '75': 6.3, '76': 6.3, '78': 6.34, '79': 6.34, '83': 6.34, '85': 6.33, '97': 6.31, '99': 6.3, '101': 6.35}, 'clearances': {'3': 1.0, '17': 1.0, '23': 1.0, '70': 1.0, '73': 1.0, '101': 1.0}, 'interceptions': {'25': 1.0}, 'touches': {'0': 1.0, '1': 1.0, '2': 1.0, '3': 2.0, '4': 1.0, '6': 1.0, '7': 4.0, '8': 1.0, '9': 1.0, '10': 2.0, '11': 3.0, '13': 1.0, '14': 1.0, '17': 1.0, '19': 3.0, '23': 1.0, '24': 1.0, '25': 1.0, '28': 1.0, '29': 2.0, '35': 1.0, '36': 1.0, '37': 1.0, '42': 2.0, '45': 1.0, '47': 1.0, '48': 3.0, '51': 1.0, '52': 1.0, '54': 1.0, '55': 1.0, '56': 1.0, '61': 3.0, '63': 1.0, '64': 1.0, '65': 2.0, '66': 1.0, '69': 1.0, '70': 3.0, '71': 1.0, '72': 1.0, '73': 1.0, '75': 1.0, '76': 1.0, '78': 1.0, '79': 1.0, '83': 1.0, '85': 1.0, '99': 1.0, '101': 1.0}, 'passesTotal': {'0': 1.0, '2': 1.0, '4': 1.0, '6': 1.0, '7': 4.0, '8': 1.0, '9': 1.0, '10': 2.0, '11': 2.0, '13': 1.0, '14': 1.0, '19': 3.0, '28': 1.0, '29': 2.0, '35': 1.0, '36': 1.0, '37': 1.0, '42': 2.0, '48': 2.0, '51': 1.0, '54': 1.0, '55': 1.0, '61': 3.0, '63': 1.0, '65': 2.0, '66': 1.0, '69': 1.0, '70': 1.0, '71': 1.0, '72': 1.0, '75': 1.0, '76': 1.0, '79': 1.0, '83': 1.0, '1': 1.0, '3': 1.0, '45': 1.0, '85': 1.0}, 'passesAccurate': {'0': 1.0, '2': 1.0, '4': 1.0, '6': 1.0, '7': 4.0, '8': 1.0, '9': 1.0, '10': 2.0, '11': 2.0, '13': 1.0, '14': 1.0, '19': 3.0, '28': 1.0, '29': 2.0, '35': 1.0, '36': 1.0, '37': 1.0, '42': 2.0, '48': 2.0, '51': 1.0, '54': 1.0, '55': 1.0, '61': 3.0, '63': 1.0, '65': 2.0, '66': 1.0, '69': 1.0, '70': 1.0, '71': 1.0, '72': 1.0, '75': 1.0, '76': 1.0, '79': 1.0, '83': 1.0}, 'passSuccess': {'0': 100.0, '2': 100.0, '4': 100.0, '6': 100.0, '7': 100.0, '8': 100.0, '9': 100.0, '10': 100.0, '11': 100.0, '13': 100.0, '14': 100.0, '19': 100.0, '28': 100.0, '29': 100.0, '35': 100.0, '36': 100.0, '37': 100.0, '42': 100.0, '48': 100.0, '51': 100.0, '54': 100.0, '55': 100.0, '61': 100.0, '63': 100.0, '65': 100.0, '66': 100.0, '69': 100.0, '70': 100.0, '71': 100.0, '72': 100.0, '75': 100.0, '76': 100.0, '79': 100.0, '83': 100.0, '1': 0.0, '3': 0.0, '45': 0.0, '85': 0.0}, 'aerialsTotal': {'97': 1.0, '99': 1.0}, 'defensiveAerials': {'97': 1.0, '99': 1.0}, 'foulsCommited': {'12': 1.0}, 'tacklesTotal': {'70': 1.0}, 'tackleSuccessful': {'70': 1.0}, 'tackleSuccess': {'70': 100.0}}",,,,,,,30
425229,37,Micky van de Ven,DC,193,81,24,True,False,away,"{'possession': {'0': 1.0, '1': 2.0, '2': 1.0, '7': 2.0, '8': 3.0, '10': 2.0, '11': 1.0, '14': 2.0, '19': 3.0, '20': 1.0, '25': 2.0, '29': 2.0, '39': 1.0, '42': 1.0, '45': 1.0, '48': 3.0, '50': 2.0, '54': 1.0, '61': 1.0, '65': 2.0, '69': 1.0, '72': 3.0, '74': 1.0, '76': 1.0, '79': 2.0, '81': 1.0, '84': 1.0, '85': 1.0}, 'ratings': {'0': 5.99, '1': 5.98, '2': 5.99, '7': 5.99, '8': 5.99, '10': 6.0, '11': 6.0, '14': 6.01, '19': 6.02, '20': 6.06, '22': 6.12, '25': 6.13, '27': 6.26, '29': 6.26, '33': 6.11, '39': 6.12, '42': 6.16, '45': 6.16, '48': 6.18, '50': 6.18, '52': 6.23, '54': 6.22, '61': 6.29, '65': 6.28, '69': 6.28, '72': 6.39, '74': 6.4, '76': 6.37, '79': 6.37, '81': 6.36, '84': 6.36, '85': 6.37, '95': 6.51}, 'clearances': {'20': 1.0, '33': 1.0, '52': 1.0}, 'interceptions': {'72': 1.0}, 'touches': {'0': 1.0, '1': 2.0, '2': 1.0, '7': 2.0, '8': 3.0, '10': 2.0, '11': 1.0, '14': 2.0, '19': 3.0, '20': 2.0, '25': 2.0, '27': 1.0, '29': 2.0, '33': 1.0, '39': 1.0, '42': 2.0, '45': 2.0, '48': 3.0, '50': 2.0, '52': 1.0, '54': 1.0, '61': 1.0, '65': 2.0, '69': 1.0, '72': 4.0, '74': 1.0, '76': 2.0, '79': 2.0, '81': 1.0, '84': 1.0, '85': 1.0, '95': 1.0}, 'passesTotal': {'1': 2.0, '2': 1.0, '7': 2.0, '8': 3.0, '10': 2.0, '11': 1.0, '14': 2.0, '19': 3.0, '25': 2.0, '29': 2.0, '39': 1.0, '42': 1.0, '45': 1.0, '48': 3.0, '50': 2.0, '61': 1.0, '65': 2.0, '69': 1.0, '72': 3.0, '74': 1.0, '76': 1.0, '79': 2.0, '84': 1.0, '85': 1.0, '0': 1.0, '20': 1.0, '54': 1.0, '81': 1.0}, 'passesAccurate': {'1': 1.0, '2': 1.0, '7': 2.0, '8': 3.0, '10': 2.0, '11': 1.0, '14': 2.0, '19': 3.0, '25': 2.0, '29': 2.0, '39': 1.0, '42': 1.0, '45': 1.0, '48': 3.0, '50': 2.0, '61': 1.0, '65': 1.0, '69': 1.0, '72': 3.0, '74': 1.0, '76': 1.0, '79': 2.0, '84': 1.0, '85': 1.0}, 'passSuccess': {'1': 50.0, '2': 100.0, '7': 100.0, '8': 100.0, '10': 100.0, '11': 100.0, '14': 100.0, '19': 100.0, '25': 100.0, '29': 100.0, '39': 100.0, '42': 100.0, '45': 100.0, '48': 100.0, '50': 100.0, '61': 100.0, '65': 50.0, '69': 100.0, '72': 100.0, '74': 100.0, '76': 100.0, '79': 100.0, '84': 100.0, '85': 100.0, '0': 0.0, '20': 0.0, '54': 0.0, '81': 0.0}, 'tacklesTotal': {'27': 1.0, '95': 1.0}, 'tackleSuccessful': {'27': 1.0, '95': 1.0}, 'tackleSuccess': {'27': 100.0, '95': 100.0}}",,,,,,,30
401044,13,Destiny Udogie,DL,186,73,22,True,False,away,"{'possession': {'0': 1.0, '1': 2.0, '2': 1.0, '7': 1.0, '9': 2.0, '12': 1.0, '14': 1.0, '15': 2.0, '19': 2.0, '20': 1.0, '25': 1.0, '26': 2.0, '29': 1.0, '45': 2.0, '46': 1.0, '48': 1.0, '50': 2.0, '51': 1.0, '55': 1.0, '61': 1.0, '63': 1.0, '65': 2.0, '72': 2.0, '73': 1.0, '76': 1.0, '79': 2.0, '83': 1.0, '85': 3.0, '89': 1.0, '97': 1.0}, 'ratings': {'0': 6.01, '1': 6.01, '2': 6.01, '6': 6.0, '7': 6.0, '9': 6.0, '12': 6.09, '14': 6.09, '15': 6.09, '16': 6.07, '19': 6.08, '20': 6.08, '22': 6.16, '25': 6.16, '26': 6.35, '29': 6.34, '33': 6.18, '35': 6.16, '37': 6.21, '45': 6.21, '46': 6.35, '48': 6.35, '50': 6.36, '51': 6.36, '52': 6.34, '55': 6.51, '61': 6.59, '63': 6.59, '64': 6.58, '65': 6.58, '72': 6.58, '73': 6.59, '76': 6.59, '79': 6.6, '83': 6.6, '85': 6.61, '89': 6.59, '97': 6.6, '98': 6.72}, 'clearances': {'37': 1.0, '98': 1.0}, 'touches': {'0': 1.0, '1': 2.0, '2': 1.0, '7': 2.0, '9': 3.0, '12': 1.0, '13': 1.0, '14': 1.0, '15': 3.0, '19': 2.0, '20': 1.0, '25': 1.0, '26': 2.0, '29': 1.0, '37': 1.0, '40': 1.0, '45': 2.0, '46': 2.0, '48': 2.0, '50': 2.0, '51': 1.0, '55': 2.0, '56': 1.0, '61': 2.0, '63': 2.0, '65': 2.0, '72': 2.0, '73': 1.0, '76': 1.0, '79': 2.0, '83': 1.0, '85': 3.0, '89': 2.0, '97': 1.0, '98': 2.0}, 'passesTotal': {'0': 1.0, '1': 1.0, '2': 1.0, '7': 1.0, '9': 2.0, '12': 1.0, '14': 1.0, '15': 2.0, '19': 2.0, '20': 1.0, '25': 1.0, '26': 2.0, '45': 2.0, '46': 1.0, '48': 1.0, '50': 2.0, '51': 1.0, '61': 1.0, '63': 1.0, '65': 2.0, '72': 2.0, '73': 1.0, '76': 1.0, '79': 2.0, '83': 1.0, '85': 3.0, '89': 1.0, '97': 1.0, '29': 1.0, '55': 1.0}, 'passesAccurate': {'0': 1.0, '1': 1.0, '2': 1.0, '7': 1.0, '9': 2.0, '12': 1.0, '14': 1.0, '15': 1.0, '19': 2.0, '20': 1.0, '25': 1.0, '26': 2.0, '45': 1.0, '46': 1.0, '48': 1.0, '50': 2.0, '51': 1.0, '61': 1.0, '63': 1.0, '65': 2.0, '72': 2.0, '73': 1.0, '76': 1.0, '79': 2.0, '83': 1.0, '85': 3.0, '89': 1.0, '97': 1.0}, 'passesKey': {'26': 1.0}, 'passSuccess': {'0': 100.0, '1': 100.0, '2': 100.0, '7': 100.0, '9': 100.0, '12': 100.0, '14': 100.0, '15': 50.0, '19': 100.0, '20': 100.0, '25': 100.0, '26': 100.0, '45': 50.0, '46': 100.0, '48': 100.0, '50': 100.0, '51': 100.0, '61': 100.0, '63': 100.0, '65': 100.0, '72': 100.0, '73': 100.0, '76': 100.0, '79': 100.0, '83': 100.0, '85': 100.0, '89': 100.0, '97': 100.0, '29': 0.0, '55': 0.0}, 'aerialsTotal': {'12': 1.0, '6': 1.0, '98': 1.0}, 'aerialsWon': {'12': 1.0}, 'aerialSuccess': {'6': 0.0, '98': 0.0}, 'offensiveAerials': {'12': 1.0}, 'defensiveAerials': {'6': 1.0, '98': 1.0}, 'throwInsTotal': {'7': 1.0, '9': 1.0, '15': 1.0, '40': 1.0, '48': 1.0, '56': 1.0, '61': 1.0}, 'throwInsAccurate': {'7': 1.0, '9': 1.0, '15': 1.0, '40': 1.0, '48': 1.0, '56': 1.0, '61': 1.0}, 'offsidesCaught': {'16': 1.0, '64': 1.0}, 'foulsCommited': {'35': 1.0, '52': 1.0}, 'tacklesTotal': {'46': 1.0}, 'tackleSuccessful': {'46': 1.0}, 'tackleSuccess': {'46': 100.0}, 'dribblesWon': {'55': 1.0}, 'dribblesAttempted': {'55': 1.0, '89': 1.0}, 'dribblesLost': {'89': 1.0}, 'dribbleSuccess': {'55': 100.0, '89': 0.0}}",,,,,,,30
322774,6,João Palhinha,DMC,190,84,30,True,False,away,"{'possession': {'7': 2.0, '9': 1.0, '11': 2.0, '12': 1.0, '19': 2.0, '25': 1.0, '26': 1.0, '29': 1.0, '41': 2.0, '42': 2.0, '44': 2.0, '45': 1.0, '46': 1.0, '51': 2.0, '54': 2.0, '55': 1.0, '56': 1.0, '61': 1.0, '63': 1.0, '65': 1.0, '67': 1.0, '72': 1.0, '79': 2.0, '81': 1.0, '84': 3.0, '85': 1.0, '93': 2.0, '97': 2.0}, 'ratings': {'0': 5.97, '7': 5.97, '9': 5.96, '11': 5.95, '12': 5.93, '18': 5.98, '19': 5.98, '22': 6.08, '23': 6.22, '24': 6.27, '25': 6.27, '26': 6.34, '29': 6.34, '30': 6.32, '33': 6.17, '40': 6.07, '41': 6.07, '42': 6.07, '44': 6.11, '45': 6.11, '46': 6.18, '51': 6.3, '54': 6.29, '55': 6.28, '56': 6.36, '61': 6.46, '63': 6.46, '65': 6.45, '67': 6.43, '70': 6.47, '72': 6.58, '79': 6.58, '81': 6.57, '84': 6.57, '85': 6.58, '93': 6.57, '96': 6.56, '97': 6.55, '99': 6.6}, 'shotsTotal': {'9': 1.0, '15': 1.0}, 'shotsOffTarget': {'9': 1.0}, 'shotsBlocked': {'15': 1.0}, 'clearances': {'18': 1.0, '24': 1.0, '99': 1.0}, 'interceptions': {'72': 1.0}, 'touches': {'0': 1.0, '7': 2.0, '9': 2.0, '11': 2.0, '12': 3.0, '15': 1.0, '17': 1.0, '18': 1.0, '19': 2.0, '23': 1.0, '24': 1.0, '25': 1.0, '26': 1.0, '29': 1.0, '41': 2.0, '42': 2.0, '44': 3.0, '45': 1.0, '46': 1.0, '51': 3.0, '54': 2.0, '55': 1.0, '56': 1.0, '61': 1.0, '63': 1.0, '65': 1.0, '67': 1.0, '70': 1.0, '72': 2.0, '79': 2.0, '81': 1.0, '82': 1.0, '84': 3.0, '85': 1.0, '93': 2.0, '97': 2.0, '99': 1.0}, 'passesTotal': {'7': 2.0, '9': 1.0, '11': 2.0, '19': 2.0, '25': 1.0, '29': 1.0, '41': 2.0, '42': 2.0, '44': 2.0, '45': 1.0, '54': 2.0, '61': 1.0, '63': 1.0, '65': 1.0, '72': 1.0, '79': 2.0, '84': 3.0, '85': 1.0, '93': 2.0, '97': 2.0, '12': 1.0, '26': 1.0, '46': 1.0, '51': 2.0, '55': 1.0, '56': 1.0, '67': 1.0, '81': 1.0}, 'passesAccurate': {'7': 2.0, '9': 1.0, '11': 1.0, '19': 2.0, '25': 1.0, '29': 1.0, '41': 1.0, '42': 2.0, '44': 2.0, '45': 1.0, '54': 1.0, '61': 1.0, '63': 1.0, '65': 1.0, '72': 1.0, '79': 2.0, '84': 3.0, '85': 1.0, '93': 1.0, '97': 1.0}, 'passSuccess': {'7': 100.0, '9': 100.0, '11': 50.0, '19': 100.0, '25': 100.0, '29': 100.0, '41': 50.0, '42': 100.0, '44': 100.0, '45': 100.0, '54': 50.0, '61': 100.0, '63': 100.0, '65': 100.0, '72': 100.0, '79': 100.0, '84': 100.0, '85': 100.0, '93': 50.0, '97': 50.0, '12': 0.0, '26': 0.0, '46': 0.0, '51': 0.0, '55': 0.0, '56': 0.0, '67': 0.0, '81': 0.0}, 'aerialsTotal': {'26': 1.0, '46': 1.0, '56': 1.0, '96': 1.0}, 'aerialsWon': {'26': 1.0, '46': 1.0, '56': 1.0}, 'aerialSuccess': {'96': 0.0}, 'offensiveAerials': {'56': 1.0, '96': 1.0}, 'defensiveAerials': {'26': 1.0, '46': 1.0}, 'foulsCommited': {'30': 1.0, '65': 1.0}, 'tacklesTotal': {'23': 1.0, '51': 1.0}, 'tackleSuccessful': {'23': 1.0, '51': 1.0}, 'tackleSuccess': {'23': 100.0, '51': 100.0}, 'dribblesAttempted': {'12': 1.0}, 'dribblesLost': {'12': 1.0}, 'dispossessed': {'0': 1.0}}",,,,,,,30
303657,30,Rodrigo Bentancur,DMC,187,72,28,True,False,away,"{'possession': {'7': 3.0, '9': 2.0, '10': 1.0, '11': 1.0, '19': 1.0, '22': 1.0, '24': 1.0, '25': 2.0, '30': 1.0, '42': 1.0, '45': 1.0, '48': 1.0, '50': 1.0, '51': 1.0, '53': 1.0, '54': 1.0, '61': 1.0, '65': 1.0, '71': 2.0, '73': 1.0, '74': 1.0, '79': 3.0, '84': 1.0, '85': 1.0, '93': 1.0}, 'ratings': {'0': 6.0, '3': 6.08, '7': 6.09, '9': 6.09, '10': 6.1, '11': 6.1, '14': 6.23, '19': 6.23, '22': 6.34, '24': 6.34, '25': 5.99, '27': 6.04, '30': 6.11, '33': 5.96, '36': 6.05, '38': 6.1, '41': 6.15, '42': 6.15, '44': 6.13, '45': 6.13, '48': 6.14, '50': 6.14, '51': 6.14, '52': 6.12, '53': 6.12, '54': 6.12, '61': 6.22, '64': 6.19, '65': 6.19, '66': 6.17, '71': 6.17, '73': 6.15, '74': 6.14, '79': 6.15, '84': 6.15, '85': 6.16, '86': 6.26, '91': 6.24, '93': 6.25}, 'shotsTotal': {'44': 1.0}, 'shotsOffTarget': {'44': 1.0}, 'clearances': {'27': 1.0, '38': 1.0, '41': 1.0, '86': 2.0}, 'interceptions': {'30': 1.0}, 'touches': {'1': 1.0, '3': 1.0, '7': 3.0, '9': 2.0, '10': 1.0, '11': 1.0, '14': 1.0, '19': 1.0, '22': 1.0, '24': 1.0, '25': 2.0, '27': 1.0, '30': 3.0, '36': 1.0, '38': 1.0, '41': 1.0, '42': 1.0, '44': 1.0, '45': 1.0, '48': 1.0, '50': 1.0, '51': 1.0, '52': 1.0, '53': 1.0, '54': 1.0, '61': 1.0, '64': 1.0, '65': 1.0, '67': 1.0, '71': 2.0, '73': 1.0, '74': 1.0, '79': 3.0, '84': 1.0, '85': 1.0, '86': 2.0, '90': 1.0, '93': 1.0, '99': 1.0}, 'passesTotal': {'7': 3.0, '9': 2.0, '10': 1.0, '11': 1.0, '19': 1.0, '22': 1.0, '24': 1.0, '25': 2.0, '30': 1.0, '42': 1.0, '45': 1.0, '48': 1.0, '50': 1.0, '51': 1.0, '53': 1.0, '54': 1.0, '61': 1.0, '65': 1.0, '71': 2.0, '79': 3.0, '84': 1.0, '85': 1.0, '93': 1.0, '73': 1.0, '74': 1.0}, 'passesAccurate': {'7': 3.0, '9': 2.0, '10': 1.0, '11': 1.0, '19': 1.0, '22': 1.0, '24': 1.0, '25': 1.0, '30': 1.0, '42': 1.0, '45': 1.0, '48': 1.0, '50': 1.0, '51': 1.0, '53': 1.0, '54': 1.0, '61': 1.0, '65': 1.0, '71': 1.0, '79': 3.0, '84': 1.0, '85': 1.0, '93': 1.0}, 'passSuccess': {'7': 100.0, '9': 100.0, '10': 100.0, '11': 100.0, '19': 100.0, '22': 100.0, '24': 100.0, '25': 50.0, '30': 100.0, '42': 100.0, '45': 100.0, '48': 100.0, '50': 100.0, '51': 100.0, '53': 100.0, '54': 100.0, '61': 100.0, '65': 100.0, '71': 50.0, '79': 100.0, '84': 100.0, '85': 100.0, '93': 100.0, '73': 0.0, '74': 0.0}, 'aerialsTotal': {'66': 1.0, '91': 1.0}, 'offensiveAerials': {'91': 1.0}, 'defensiveAerials': {'66': 1.0}, 'tacklesTotal': {'14': 1.0, '3': 1.0}, 'tackleSuccessful': {'14': 1.0, '3': 1.0}, 'tackleSuccess': {'14': 100.0, '3': 100.0}, 'dispossessed': {'52': 1.0}, 'errors': {'25': 1.0}}",,,,,,,30
400166,20,Mohammed Kudus,AMR,177,70,25,True,True,away,"{'possession': {'2': 1.0, '9': 2.0, '11': 1.0, '13': 1.0, '14': 1.0, '15': 1.0, '19': 2.0, '22': 1.0, '29': 2.0, '30': 1.0, '37': 1.0, '40': 1.0, '50': 1.0, '51': 1.0, '55': 1.0, '56': 1.0, '63': 1.0, '69': 2.0, '71': 1.0, '73': 1.0, '79': 1.0, '85': 1.0, '90': 1.0}, 'ratings': {'0': 6.0, '2': 6.01, '9': 6.18, '11': 6.31, '13': 6.62, '14': 6.62, '15': 6.61, '19': 6.62, '21': 6.5, '22': 6.9, '26': 6.73, '29': 6.73, '30': 6.72, '33': 6.62, '37': 6.61, '40': 6.7, '43': 6.71, '45': 6.65, '48': 6.71, '50': 6.72, '51': 6.73, '55': 6.73, '56': 6.73, '59': 6.9, '61': 8.0, '63': 8.0, '67': 8.09, '69': 8.27, '71': 8.27, '72': 8.25, '73': 8.42, '79': 8.42, '85': 8.43, '88': 8.41, '90': 8.4}, 'shotsTotal': {'26': 1.0, '59': 1.0, '61': 1.0}, 'shotsOnTarget': {'59': 1.0, '61': 1.0}, 'shotsOffTarget': {'26': 1.0}, 'touches': {'2': 1.0, '4': 1.0, '9': 3.0, '11': 2.0, '13': 3.0, '14': 1.0, '15': 1.0, '19': 2.0, '22': 1.0, '26': 1.0, '29': 2.0, '30': 1.0, '37': 1.0, '40': 1.0, '43': 2.0, '45': 3.0, '48': 5.0, '50': 2.0, '51': 1.0, '55': 1.0, '56': 2.0, '59': 1.0, '61': 1.0, '63': 1.0, '67': 2.0, '69': 3.0, '71': 1.0, '73': 2.0, '79': 1.0, '80': 1.0, '85': 1.0, '90': 1.0}, 'passesTotal': {'2': 1.0, '9': 2.0, '13': 1.0, '14': 1.0, '19': 2.0, '22': 1.0, '29': 2.0, '40': 1.0, '50': 1.0, '51': 1.0, '55': 1.0, '56': 1.0, '63': 1.0, '69': 2.0, '71': 1.0, '73': 1.0, '79': 1.0, '85': 1.0, '15': 1.0, '37': 1.0, '90': 1.0}, 'passesAccurate': {'2': 1.0, '9': 2.0, '13': 1.0, '14': 1.0, '19': 2.0, '22': 1.0, '29': 2.0, '40': 1.0, '50': 1.0, '51': 1.0, '55': 1.0, '56': 1.0, '63': 1.0, '69': 2.0, '71': 1.0, '73': 1.0, '79': 1.0, '85': 1.0}, 'passesKey': {'22': 1.0}, 'passSuccess': {'2': 100.0, '9': 100.0, '13': 100.0, '14': 100.0, '19': 100.0, '22': 100.0, '29': 100.0, '40': 100.0, '50': 100.0, '51': 100.0, '55': 100.0, '56': 100.0, '63': 100.0, '69': 100.0, '71': 100.0, '73': 100.0, '79': 100.0, '85': 100.0, '15': 0.0, '37': 0.0, '90': 0.0}, 'aerialsTotal': {'40': 1.0}, 'aerialsWon': {'40': 1.0}, 'defensiveAerials': {'40': 1.0}, 'throwInsTotal': {'45': 1.0, '67': 1.0}, 'throwInsAccurate': {'45': 1.0, '67': 1.0}, 'foulsCommited': {'21': 1.0, '72': 1.0, '88': 1.0}, 'tacklesTotal': {'13': 1.0, '67': 1.0, '11': 1.0}, 'tackleSuccessful': {'13': 1.0, '67': 1.0}, 'tackleUnsuccesful': {'11': 1.0}, 'tackleSuccess': {'13': 100.0, '67': 100.0, '11': 0.0}, 'dribbledPast': {'11': 1.0}, 'dribblesWon': {'9': 1.0, '11': 1.0, '13': 1.0, '48': 1.0, '69': 1.0, '73': 1.0}, 'dribblesAttempted': {'9': 1.0, '11': 1.0, '13': 1.0, '48': 1.0, '69': 1.0, '73': 1.0, '43': 1.0}, 'dribblesLost': {'43': 1.0}, 'dribbleSuccess': {'9': 100.0, '11': 100.0, '13': 100.0, '48': 100.0, '69': 100.0, '73': 100.0, '43': 0.0}, 'dispossessed': {'45': 2.0, '48': 3.0}}",379688.0,"{'value': 2, 'displayName': 'SecondHalf'}",94.0,,,,30
399772,7,Xavi Simons,AMC,179,58,22,True,False,away,"{'possession': {'0': 1.0, '8': 2.0, '9': 1.0, '15': 2.0, '19': 1.0, '25': 1.0, '29': 1.0, '35': 1.0, '44': 2.0, '45': 1.0, '52': 1.0, '54': 1.0, '63': 1.0, '65': 2.0, '69': 2.0}, 'ratings': {'0': 6.0, '7': 5.98, '8': 5.99, '9': 5.99, '15': 6.08, '16': 6.25, '18': 6.25, '19': 6.22, '22': 6.36, '23': 6.34, '25': 6.35, '29': 6.35, '33': 6.24, '35': 6.24, '39': 6.2, '44': 6.29, '45': 6.29, '46': 6.27, '52': 6.26, '54': 6.44, '61': 6.54, '63': 6.54, '64': 6.53, '65': 6.53, '69': 6.64, '73': 6.6}, 'touches': {'0': 1.0, '7': 1.0, '8': 2.0, '9': 1.0, '12': 1.0, '13': 1.0, '15': 2.0, '16': 2.0, '19': 2.0, '25': 1.0, '29': 1.0, '30': 1.0, '35': 1.0, '39': 1.0, '44': 2.0, '45': 1.0, '52': 1.0, '54': 2.0, '61': 1.0, '63': 1.0, '64': 2.0, '65': 2.0, '69': 2.0, '73': 1.0}, 'passesTotal': {'0': 1.0, '8': 2.0, '9': 1.0, '15': 2.0, '19': 1.0, '25': 1.0, '29': 1.0, '35': 1.0, '44': 2.0, '54': 1.0, '63': 1.0, '65': 2.0, '69': 2.0, '45': 1.0, '52': 1.0}, 'passesAccurate': {'0': 1.0, '8': 2.0, '9': 1.0, '15': 2.0, '19': 1.0, '25': 1.0, '29': 1.0, '35': 1.0, '44': 2.0, '54': 1.0, '63': 1.0, '65': 2.0, '69': 2.0}, 'passesKey': {'15': 1.0, '44': 1.0}, 'passSuccess': {'0': 100.0, '8': 100.0, '9': 100.0, '15': 100.0, '19': 100.0, '25': 100.0, '29': 100.0, '35': 100.0, '44': 100.0, '54': 100.0, '63': 100.0, '65': 100.0, '69': 100.0, '45': 0.0, '52': 0.0}, 'aerialsTotal': {'23': 1.0, '33': 1.0}, 'defensiveAerials': {'23': 1.0, '33': 1.0}, 'foulsCommited': {'46': 1.0}, 'dribblesWon': {'16': 1.0, '54': 1.0}, 'dribblesAttempted': {'16': 1.0, '54': 1.0, '7': 1.0, '64': 1.0}, 'dribblesLost': {'7': 1.0, '64': 1.0}, 'dribbleSuccess': {'16': 100.0, '54': 100.0, '7': 0.0, '64': 0.0}, 'dispossessed': {'39': 1.0, '73': 1.0}}",317804.0,"{'value': 2, 'displayName': 'SecondHalf'}",78.0,,,,30
444751,28,Wilson Odobert,AML,182,76,20,True,False,away,"{'possession': {'1': 1.0, '9': 2.0, '14': 2.0, '16': 1.0, '20': 1.0, '26': 1.0, '45': 2.0, '48': 1.0, '49': 1.0, '50': 1.0, '54': 1.0, '56': 1.0, '63': 1.0, '65': 1.0, '69': 1.0, '79': 1.0, '83': 1.0, '84': 2.0, '85': 1.0}, 'ratings': {'0': 6.0, '1': 6.0, '2': 5.97, '9': 5.96, '13': 5.93, '14': 5.91, '16': 5.91, '20': 5.92, '22': 6.06, '26': 6.07, '33': 6.02, '39': 6.0, '45': 6.17, '46': 6.14, '48': 6.13, '49': 6.12, '50': 6.13, '54': 6.3, '56': 6.3, '61': 6.43, '63': 6.43, '65': 6.44, '67': 6.58, '69': 6.58, '79': 6.58, '83': 6.58, '84': 6.57, '85': 6.57}, 'clearances': {'33': 1.0}, 'touches': {'1': 1.0, '2': 1.0, '9': 2.0, '13': 1.0, '14': 3.0, '16': 1.0, '20': 1.0, '26': 1.0, '33': 1.0, '39': 2.0, '45': 2.0, '46': 1.0, '48': 1.0, '49': 1.0, '50': 2.0, '54': 2.0, '56': 1.0, '61': 1.0, '63': 1.0, '65': 1.0, '67': 1.0, '69': 1.0, '79': 1.0, '83': 1.0, '84': 3.0, '85': 1.0}, 'passesTotal': {'1': 1.0, '9': 1.0, '14': 2.0, '16': 1.0, '20': 1.0, '26': 1.0, '45': 1.0, '50': 1.0, '54': 1.0, '56': 1.0, '63': 1.0, '65': 1.0, '69': 1.0, '79': 1.0, '83': 1.0, '84': 2.0, '85': 1.0, '48': 1.0, '49': 1.0}, 'passesAccurate': {'1': 1.0, '9': 1.0, '14': 2.0, '16': 1.0, '20': 1.0, '26': 1.0, '45': 1.0, '50': 1.0, '54': 1.0, '56': 1.0, '63': 1.0, '65': 1.0, '69': 1.0, '79': 1.0, '83': 1.0, '84': 2.0, '85': 1.0}, 'passesKey': {'45': 1.0}, 'passSuccess': {'1': 100.0, '9': 100.0, '14': 100.0, '16': 100.0, '20': 100.0, '26': 100.0, '45': 100.0, '50': 100.0, '54': 100.0, '56': 100.0, '63': 100.0, '65': 100.0, '69': 100.0, '79': 100.0, '83': 100.0, '84': 100.0, '85': 100.0, '48': 0.0, '49': 0.0}, 'tacklesTotal': {'67': 1.0}, 'tackleSuccessful': {'67': 1.0}, 'tackleSuccess': {'67': 100.0}, 'dribblesWon': {'54': 1.0}, 'dribblesAttempted': {'54': 1.0, '39': 1.0, '84': 1.0}, 'dribblesLost': {'39': 1.0, '84': 1.0}, 'dribbleSuccess': {'54': 100.0, '39': 0.0, '84': 0.0}, 'dispossessed': {'14': 1.0, '46': 1.0}}",330816.0,"{'value': 2, 'displayName': 'SecondHalf'}",89.0,,,,30
422885,11,Mathys Tel,FW,183,77,20,True,False,away,"{'possession': {'14': 1.0, '24': 1.0, '30': 1.0, '40': 1.0, '41': 1.0, '52': 1.0, '67': 1.0}, 'ratings': {'0': 6.0, '12': 5.98, '13': 5.95, '14': 5.95, '16': 5.94, '18': 5.99, '22': 7.15, '24': 7.15, '30': 7.15, '33': 7.08, '38': 7.13, '40': 7.13, '41': 7.12, '45': 7.52, '52': 7.54, '61': 7.74, '67': 7.73, '75': 7.76}, 'shotsTotal': {'22': 1.0, '45': 1.0}, 'shotsOnPost': {'45': 1.0}, 'shotsOnTarget': {'22': 1.0}, 'shotsOffTarget': {'45': 1.0}, 'clearances': {'18': 1.0, '38': 1.0}, 'touches': {'13': 1.0, '14': 1.0, '18': 1.0, '22': 1.0, '24': 1.0, '30': 1.0, '38': 1.0, '40': 1.0, '41': 1.0, '45': 1.0, '52': 1.0, '67': 1.0, '75': 1.0}, 'passesTotal': {'14': 1.0, '52': 1.0, '24': 1.0, '30': 1.0, '40': 1.0, '41': 1.0, '67': 1.0}, 'passesAccurate': {'14': 1.0, '52': 1.0}, 'passSuccess': {'14': 100.0, '52': 100.0, '24': 0.0, '30': 0.0, '40': 0.0, '41': 0.0, '67': 0.0}, 'aerialsTotal': {'45': 1.0, '12': 1.0, '16': 1.0}, 'aerialsWon': {'45': 1.0}, 'aerialSuccess': {'12': 0.0, '16': 0.0}, 'offensiveAerials': {'12': 1.0, '16': 1.0, '45': 1.0}}",403859.0,"{'value': 2, 'displayName': 'SecondHalf'}",77.0,,,,30
330816,4,Kevin Danso,Sub,190,85,27,,False,away,"{'possession': {'90': 1.0, '93': 1.0}, 'ratings': {'89': 6.0, '90': 6.0, '93': 6.14, '94': 6.12, '96': 6.1}, 'clearances': {'93': 1.0}, 'touches': {'90': 1.0, '93': 2.0, '101': 1.0}, 'passesTotal': {'90': 1.0, '93': 1.0}, 'passesAccurate': {'90': 1.0, '93': 1.0}, 'passSuccess': {'90': 100.0, '93': 100.0}, 'aerialsTotal': {'93': 1.0, '94': 1.0, '96': 1.0}, 'aerialsWon': {'93': 1.0}, 'aerialSuccess': {'94': 0.0, '96': 0.0}, 'defensiveAerials': {'93': 1.0, '94': 1.0, '96': 1.0}, 'throwInsTotal': {'101': 1.0}}",,,,"{'value': 2, 'displayName': 'SecondHalf'}",89.0,444751.0,30
317804,9,Richarlison,Sub,184,83,28,,False,away,"{'possession': {'82': 1.0, '83': 1.0, '89': 1.0}, 'ratings': {'78': 6.0, '80': 5.98, '82': 5.64, '83': 5.65, '89': 5.73, '95': 5.78, '99': 5.83}, 'shotsTotal': {'91': 1.0}, 'shotsBlocked': {'91': 1.0}, 'clearances': {'95': 1.0, '99': 1.0}, 'interceptions': {'89': 1.0}, 'touches': {'82': 1.0, '83': 1.0, '89': 3.0, '91': 1.0, '95': 1.0, '99': 1.0}, 'passesTotal': {'83': 1.0, '89': 1.0, '82': 1.0}, 'passesAccurate': {'83': 1.0, '89': 1.0}, 'passSuccess': {'83': 100.0, '89': 100.0, '82': 0.0}, 'cornersTotal': {'91': 1.0}, 'foulsCommited': {'80': 1.0}, 'errors': {'82': 1.0}}",,,,"{'value': 2, 'displayName': 'SecondHalf'}",78.0,399772.0,30
403859,29,Pape Matar Sarr,Sub,185,70,23,,False,away,"{'possession': {'82': 1.0, '84': 1.0, '85': 1.0, '94': 1.0, '97': 2.0, '101': 1.0}, 'ratings': {'77': 6.0, '82': 6.01, '83': 6.14, '84': 6.14, '85': 6.15, '93': 6.13, '94': 6.21, '95': 6.26, '97': 6.27, '101': 6.36}, 'clearances': {'95': 1.0}, 'touches': {'82': 1.0, '83': 1.0, '84': 1.0, '85': 1.0, '94': 1.0, '95': 1.0, '97': 2.0, '101': 2.0}, 'passesTotal': {'82': 1.0, '84': 1.0, '85': 1.0, '97': 2.0, '101': 1.0, '94': 1.0}, 'passesAccurate': {'82': 1.0, '84': 1.0, '85': 1.0, '97': 2.0, '101': 1.0}, 'passSuccess': {'82': 100.0, '84': 100.0, '85': 100.0, '97': 100.0, '101': 100.0, '94': 0.0}, 'aerialsTotal': {'94': 1.0, '93': 1.0}, 'aerialsWon': {'94': 1.0}, 'aerialSuccess': {'93': 0.0}, 'offensiveAerials': {'94': 1.0}, 'defensiveAerials': {'93': 1.0}, 'tacklesTotal': {'83': 1.0, '101': 1.0}, 'tackleSuccessful': {'83': 1.0, '101': 1.0}, 'tackleSuccess': {'83': 100.0, '101': 100.0}}",,,,"{'value': 2, 'displayName': 'SecondHalf'}",77.0,422885.0,30
379688,22,Brennan Johnson,Sub,186,73,24,,False,away,"{'possession': {'101': 1.0}, 'ratings': {'94': 6.0, '96': 6.05, '101': 6.04}, 'clearances': {'96': 1.0}, 'touches': {'96': 1.0, '101': 1.0}, 'passesTotal': {'101': 1.0}}",,,,"{'value': 2, 'displayName': 'SecondHalf'}",94.0,400166.0,30
457006,31,Antonín Kinsky,Sub,190,83,22,,False,away,{},,,,,,,30
505295,15,Lucas Bergvall,Sub,187,74,19,,False,away,{},,,,,,,30
362219,24,Djed Spence,Sub,185,71,25,,False,away,{},,,,,,,30
429922,14,Archie Gray,Sub,187,70,19,,False,away,{},,,,,,,30
103837,33,Ben Davies,Sub,181,77,32,,False,away,{},,,,,,,30
